"host_genus_species","family","host_type","longev_max","age_method","iucn_gen_length","mig","aq_hab","min_temp","iucn","num_results","path_search_results","depth_min","depth_max","extent_IUCN","Aq_prod","Cap_prod","aquaculture","capture","production_type","max_size_mm","measurement","impact","social_score","fam_soc_score","sp_code","Name_en","ref","search_name","num_pathogens","num_viruses","num_isopods","num_rhiz","num_bacteria","num_bacteria_intra","num_microsp","num_direct","num_complex","num_obligate","num_opportunist","num_macro","num_micro","prop_direct","prop_obligate","prop_macro","path_index","virus_index"
"Acetes_americanus","sergestidae","Shrimp",0.88,"growth model",NA,NA,"marine",NA,"not_assessed",5,0,NA,NA,NA,NA,NA,0,0,"neither",40,"",NA,"gregarious","gregarious","EKC","Aviu shrimp","373, 636, , NA, NA, NA, 636","""Acetes americanus"" OR ""Acetes brasiliensis""          ",0,NA,NA,NA,NA,NA,NA,NA,NA,NA,NA,NA,NA,NA,NA,NA,NA,NA
"Acetes_chinensis","sergestidae","Shrimp",1,"growth model",NA,NA,"marine",NA,"not_assessed",26,1,NA,NA,NA,NA,NA,0,0,"neither",40,"",NA,"gregarious","gregarious","ESH","Northern mauxia shrimp","377, 636, , NA, NA, NA, 636","""Acetes chinensis""           ",0,NA,NA,NA,NA,NA,NA,NA,NA,NA,NA,NA,NA,NA,NA,NA,NA,NA
"Acetes_indicus","sergestidae","Shrimp",2.5,"growth model",NA,NA,"mar_brack",NA,"not_assessed",14,0,NA,NA,NA,NA,NA,0,0,"neither",40,"",NA,"gregarious","gregarious","EKN","Jawla paste shrimp","374, 636, , NA, NA, NA, 636","""Acetes indicus"" OR ""Acetes spiniger""          ",0,NA,NA,NA,NA,NA,NA,NA,NA,NA,NA,NA,NA,NA,NA,NA,NA,NA
"Acetes_intermedius","sergestidae","Shrimp",1.58,"growth model",NA,NA,"marine",NA,"not_assessed",14,0,NA,NA,NA,NA,NA,0,0,"neither",40,"",NA,"gregarious","gregarious","EKI","Taiwan mauxia shrimp","376, 636, , NA, NA, NA, 636","""Acetes intermedius""           ",0,NA,NA,NA,NA,NA,NA,NA,NA,NA,NA,NA,NA,NA,NA,NA,NA,NA
"Acetes_japonicus","sergestidae","Shrimp",2.14,"growth model",NA,NA,"marine",NA,"not_assessed",18,0,NA,NA,NA,164,7810,1,1,"both",40,"",NA,"gregarious","gregarious","AKS","Akiami paste shrimp","375, 636, , NA, NA, NA, 636","""Acetes japonicus"" OR ""Acetes cochinensis"" OR "" Acetes dispar""         ",0,NA,NA,NA,NA,NA,NA,NA,NA,NA,NA,NA,NA,NA,NA,NA,NA,NA
"Achelous_spinimanus","portunidae","Brachyuran crab",3.4,"growth model",NA,NA,"marine",NA,"not_assessed",22,0,0,159,NA,NA,NA,0,0,"neither",NA,"",NA,"unknown","solitary","RTQ","Blotched swimming crab","278, 637, eol, NA, NA, NA, NA","""Achelous spinimanus"" OR ""Achelous spinimanus smithii"" OR "" Lupa banksii"" OR "" Portunus spinimanus"" OR "" Portunus vossi""       ",1,0,0,0,0,0,0,1,0,0,1,1,0,1,0,1,0.0454545454545455,0
"Arenaeus_cribrarius","portunidae","Brachyuran crab",2,"growth model",NA,NA,"marine",NA,"not_assessed",27,2,NA,NA,NA,NA,NA,0,0,"neither",77,"",NA,"solitary","solitary","RSQ","Speckled swimcrab","30, , NA, 638, NA, 716","""Arenaeus cribrarius"" OR ""Portunus cribrarius"" OR "" Lupa maculata""         ",1,0,0,0,0,0,0,1,0,0,1,1,0,1,0,1,0.037037037037037,0
"Aristaeomorpha_foliacea","aristaeidae","Shrimp",9.5,"growth model",NA,NA,"marine",NA,"not_assessed",87,0,NA,NA,NA,NA,65,0,1,"capture",NA,"",NA,"gregarious","gregarious","ARS","Giant red shrimp","378, , NA, NA, NA, 639","""Aristaeomorpha foliacea"" OR ""Aristaeomorpha giglioliana"" OR "" Aristaeomorpha mediterranea"" OR "" Aristaeomorpha rostridentata"" OR "" Aristeomorpha foliacea"" OR "" Aristeus japonicus"" OR "" Aristeus rostridentatus"" OR "" Penaeus foliacea"" OR "" Penaeus meridionalis""   ",0,NA,NA,NA,NA,NA,NA,NA,NA,NA,NA,NA,NA,NA,NA,NA,NA,NA
"Aristaeopsis_edwardsiana","aristaeidae","Shrimp",2,"unk",NA,NA,"marine",NA,"not_assessed",12,0,200,1850,NA,NA,2,0,1,"capture",NA,"",NA,"repro_aggregate","repro_aggregate","SSH","Scarlet shrimp","435, 730, 730, NA, NA, 730","""Aristaeopsis edwardsiana"" OR ""Aristaeopsis edwardsianus"" OR "" Aristeus coralinus"" OR "" Aristeus splendens"" OR "" Penaeus edwardsianus"" OR "" Plesiopenaeus edwardsianus""      ",0,NA,NA,NA,NA,NA,NA,NA,NA,NA,NA,NA,NA,NA,NA,NA,NA,NA
"Aristeus_antennatus","aristaeidae","Shrimp",10,"growth model",NA,NA,"marine",NA,"not_assessed",165,0,414,786,NA,NA,12,0,1,"capture",66,"",NA,"repro_aggregate","repro_aggregate","ARA","Blue and red shrimp","379, 640, , NA, NA, NA, 730","""Aristeus antennatus"" OR ""Penaeus antemarius"" OR "" Penaeus antennatus"" OR "" Sicyonia duvernoii""        ",0,NA,NA,NA,NA,NA,NA,NA,NA,NA,NA,NA,NA,NA,NA,NA,NA,NA
"Artemesia_longinaris","penaeidae","Shrimp",1.3,"growth model",NA,NA,"marine",NA,"not_assessed",66,6,2,125,NA,NA,367,0,1,"capture",22,"",NA,"unknown","gregarious","ASH","Argentine stiletto shrimp","380, 641, 642, , NA, NA, NA, NA","""Artemesia longinaris""           ",5,2,0,0,0,0,0,4,2,4,1,2,3,0.666666666666667,0.8,0.4,0.0757575757575758,0.0303030303030303
"Astacopsis_gouldi","parastacidae","Lobster/Crayfish",60,"reviewed data",14,1.65,"freshwater",5.2,"endangered",11,0,NA,NA,14221,NA,NA,0,0,"neither",800,"",NA,"solitary","solitary","AIG","Giant tasmanian crayfish","280, 296, , NA, NA, NA, NA","""Astacopsis gouldi""           ",1,0,0,0,0,0,0,1,0,0,1,0,1,1,0,0,0.0909090909090909,0
"Astacus_astacus","astacidae","Lobster/Crayfish",10,"growth model",7.5,NA,"freshwater",NA,"vulnerable",825,68,NA,NA,NA,1,80,1,1,"both",NA,"","High","ontogenetic_gregarious","ontogenetic_gregarious","AAS","Noble crayfish","310, 311, , NA, NA, 521, , NA","""Astacus astacus"" OR ""Astacus fluviatilis "" OR "" Cancer astacus "" OR "" Potamobius fluviatilis balcanicus""        ",12,3,0,0,0,0,1,10,2,6,6,3,9,0.833333333333333,0.5,0.25,0.0145454545454545,0.00363636363636364
"Austropotamobius_pallipes","astacidae","Lobster/Crayfish",17.9,"growth model",3.5,NA,"freshwater",NA,"endangered",466,39,NA,NA,NA,NA,2900,0,1,"capture",120,"TL",NA,"ontogenetic_gregarious","ontogenetic_gregarious","AUP","White-clawed crayfish","280, 297, 300, , 731, 731, NA, 732, 733","""Austropotamobius pallipes"" OR ""Astacus fontinalis"" OR "" Astacus pallipes""         ",10,2,0,0,1,0,1,10,0,3,7,2,8,1,0.3,0.2,0.0214592274678112,0.00429184549356223
"Austropotamobius_torrentium","astacidae","Lobster/Crayfish",12,"growth model",NA,NA,"freshwater",NA,"data_deficient",119,16,0,3,NA,NA,NA,0,0,"neither",NA,"",NA,"ontogenetic_gregarious","ontogenetic_gregarious","UTT","Stone crayfish","346, , NA, NA, NA, 734","""Austropotamobius torrentium"" OR ""Astacus torrentium "" OR "" Austropotamobius torrentium macedonicus "" OR "" Cancer torrentium""        ",3,0,0,0,0,0,0,3,0,0,3,1,2,1,0,0.333333333333333,0.0252100840336134,0
"Birgus_latro","coenobitidae","Anomuran crab",110,"growth model",NA,NA,"mar_ter",NA,"data_deficient",129,1,NA,NA,NA,NA,NA,0,0,"neither",NA,"",NA,"repro_aggregate","repro_aggregate","BQL","Coconut crab","315, 320, , NA, NA, NA, 663","""Birgus latro"" OR ""Birgus laticauda"" OR "" Cancer latro""         ",0,NA,NA,NA,NA,NA,NA,NA,NA,NA,NA,NA,NA,NA,NA,NA,NA,NA
"Callichirus_kraussi","callianassidae","Lobster/Crayfish",2,"mark recapture",NA,NA,"marine",NA,"not_assessed",30,0,NA,NA,NA,NA,NA,0,0,"neither",NA,"",NA,"gregarious","gregarious","ISK","Pink ghost shrimp","319, , NA, NA, NA, 648","""Callichirus kraussi"" OR ""Callianassa kraussi""          ",0,NA,NA,NA,NA,NA,NA,NA,NA,NA,NA,NA,NA,NA,NA,NA,NA,NA
"Callinectes_arcuatus","portunidae","Brachyuran crab",4,"growth model",NA,NA,"marine",NA,"not_assessed",30,2,NA,NA,NA,NA,NA,0,0,"neither",NA,"",NA,"unknown","solitary","KLU","Cuata swimcrab","321, 322, , NA, NA, NA, NA","""Callinectes arcuatus"" OR ""Callinectes dubia"" OR "" Callinectes nitidus "" OR "" Callinectes pleuriticus""        ",1,1,0,0,0,0,0,1,0,1,0,0,1,1,1,0,0.0333333333333333,0.0333333333333333
"Callinectes_bellicosus","portunidae","Brachyuran crab",4,"growth model",NA,NA,"marine",NA,"not_assessed",20,0,NA,NA,NA,NA,NA,0,0,"neither",NA,"",NA,"unknown","solitary","KLI","Warrior swimcrab","321, 322, , NA, NA, NA, NA","""Callinectes bellicosus"" OR ""Callinectes ochoterenai""          ",0,NA,NA,NA,NA,NA,NA,NA,NA,NA,NA,NA,NA,NA,NA,NA,NA,NA
"Callinectes_danae","portunidae","Brachyuran crab",4.6,"growth model",NA,NA,"mar_brack",NA,"not_assessed",113,3,NA,NA,NA,NA,2181,0,1,"capture",NA,"","Low/Unk","solitary","solitary","CRZ","Dana swimcrab","163, , NA, NA, 527, 521, , NA","""Callinectes danae"" OR ""Callinectes maracaiboensis""          ",3,1,0,1,0,0,0,3,0,2,1,2,1,1,0.666666666666667,0.666666666666667,0.0265486725663717,0.00884955752212389
"Callinectes_ornatus","portunidae","Brachyuran crab",5.8,"growth model",NA,NA,"mar_brack",NA,"not_assessed",55,3,NA,NA,NA,NA,NA,0,0,"neither",NA,"",NA,"unknown","solitary","KLO","Shelling crab","196, , NA, NA, NA, NA","""Callinectes ornatus"" OR ""Callinectes humphreyi""          ",2,0,0,1,0,0,0,2,0,1,1,2,0,1,0.5,1,0.0363636363636364,0
"Callinectes_sapidus","portunidae","Brachyuran crab",8,"growth model, mark recapture",NA,NA,"mar_brack_fw",NA,"not_assessed",1705,259,NA,NA,NA,45,6023,1,1,"both",NA,"","High","solitary","solitary","CRB","Blue crab","280, 283, , NA, NA, 527, 522,  EASIN, , NA","""Callinectes sapidus"" OR ""Callinectes sapidus acutidens"" OR "" Portunus diacantha""         ",28,9,0,1,2,1,3,23,6,19,9,10,18,0.793103448275862,0.678571428571429,0.357142857142857,0.0164222873900293,0.00527859237536657
"Callinectes_toxotes","portunidae","Brachyuran crab",3.16,"growth model",NA,NA,"marine",NA,"not_assessed",3,0,NA,NA,NA,NA,NA,0,0,"neither",NA,"",NA,"unknown","solitary","CRC","Giant swimcrab","321, , NA, NA, NA, NA","""Callinectes toxotes"" OR ""Callinectes diacanthus robustus""          ",0,NA,NA,NA,NA,NA,NA,NA,NA,NA,NA,NA,NA,NA,NA,NA,NA,NA
"Cambarus_bartonii","cambaridae","Lobster/Crayfish",4,"wild capture",1,NA,"freshwater",NA,"least_concern",26,0,NA,NA,1000000,NA,NA,0,0,"neither",NA,"",NA,"solitary","solitary","MBO","Appalachian brook grayfish","323, , NA, NA, NA, NA","""Cambarus bartonii"" OR ""Cambarus bartonii bartonii "" OR "" Cambarus bartonii cavatus""         ",0,NA,NA,NA,NA,NA,NA,NA,NA,NA,NA,NA,NA,NA,NA,NA,NA,NA
"Cancer_irroratus","cancridae","Brachyuran crab",8,NA,NA,NA,"mar_brack",NA,"not_assessed",195,5,NA,NA,NA,NA,1748,0,1,"capture",NA,"","Low/Unk","solitary","solitary","CRK","Atlantic rock crab","325, , NA, NA, 521, , 661","""Cancer irroratus"" OR ""Cancer_sayi""          ",8,0,0,0,3,1,0,7,1,2,6,3,5,0.875,0.25,0.375,0.041025641025641,0
"Cancer_pagurus","cancridae","Brachyuran crab",15,"lipofuscan age pigment",NA,NA,"marine",5,"not_assessed",379,47,1,90,NA,NA,312,0,1,"capture",NA,"",NA,"repro_aggregate","repro_aggregate","CRE","Edible crab","5, 6, 7, , NA, NA, NA, 654","""Cancer pagurus"" OR ""Cancer fimbriatus"" OR "" Cancer incisocrenatus "" OR "" Cancer luederwaldti""        ",23,3,0,1,1,0,3,11,10,18,3,11,10,0.523809523809524,0.857142857142857,0.523809523809524,0.0606860158311346,0.0079155672823219
"Cancer_productus","cancridae","Brachyuran crab",5,"growth models, mark recapture",NA,NA,"marine",NA,"not_assessed",59,2,NA,NA,NA,NA,2,0,1,"capture",NA,"",NA,"unknown","repro_aggregate","ROC","Pacific rock crab","327, , NA, NA, NA, NA","""Cancer productus"" OR ""Cancer brewerii "" OR "" Cancer perlatus""         ",2,0,0,0,0,0,1,2,0,2,0,0,2,1,1,0,0.0338983050847458,0
"Carcinus_aestuarii","portunidae","Brachyuran crab",3,"growth model",NA,NA,"marine",NA,"not_assessed",159,4,NA,NA,NA,7.4,11,1,1,"both",NA,"",NA,"solitary","solitary","CMR","Mediterranean shore crab","299, , NA, NA, NA, NA","""Carcinus aestuarii"" OR ""Carcinus mediterraneus "" OR "" Portunus menoides""         ",2,0,0,0,0,0,0,2,0,1,1,0,2,1,0.5,0,0.0125786163522013,0
"Carcinus_maenas","portunidae","Brachyuran crab",6,"reviewed data",NA,NA,"marine",NA,"not_assessed",1970,205,0,NA,NA,3.22,232,1,1,"both",NA,"","High","solitary","solitary","CRG","Green crab","280, 282, , NA, NA, 611, 611, , 661","""Carcinus maenas"" OR ""Cancer granarius"" OR "" Cancer granulatus "" OR "" Cancer maenas "" OR "" Cancer pygmeus"" OR "" Cancer rhomboidalis "" OR "" Cancer viridis"" OR "" Megalopa montagui "" OR "" Portunus carcinoides""   ",40,3,2,1,0,0,5,25,22,29,11,26,14,0.531914893617021,0.725,0.65,0.0203045685279188,0.00152284263959391
"Cervimunida_johni","galatheidae","Anomuran crab",13,"gastric mill",NA,NA,"marine",NA,"not_assessed",17,6,100,350,NA,NA,3002,0,1,"capture",NA,"",NA,"unknown","gregarious","CZJ","Blue squat lobster","328, 457, , NA, NA, NA, NA","""Cervimunida johni""           ",1,0,1,0,0,0,0,1,0,1,0,1,0,1,1,1,0.0588235294117647,0
"Chaceon_maritae","geryonidae","Brachyuran crab",25,"growth model, mark recapture",NA,NA,"marine",NA,"not_assessed",15,0,NA,NA,NA,NA,4101,0,1,"capture",NA,"",NA,"gregarious","gregarious","CGE","West African geryon","280, 329, , NA, NA, NA, 670","""Chaceon maritae"" OR ""Geryon chuni"" OR "" Geryon maritae""         ",0,NA,NA,NA,NA,NA,NA,NA,NA,NA,NA,NA,NA,NA,NA,NA,NA,NA
"Charybdis_bimaculata","portunidae","Brachyuran crab",1.58,"growth model, reproduction and population data",NA,NA,"marine",NA,"not_assessed",5,2,NA,NA,NA,NA,NA,0,0,"neither",NA,"",NA,"unknown","solitary","YFB","Two-spot swimming crab","279, 280, , NA, NA, NA, NA","""Charybdis bimaculata"" OR ""Charybdis subornata"" OR "" Gonioneptunus whiteleggei"" OR "" Goniosoma bimaculata""        ",5,1,1,3,0,0,0,5,0,5,0,4,1,1,1,0.8,1,0.2
"Charybdis_feriata","portunidae","Brachyuran crab",3.5,"growth model",NA,NA,"marine",NA,"not_assessed",49,0,NA,45,NA,NA,NA,0,0,"neither",NA,"","Low/Unk","unknown","solitary","KHF","Crucifix crab","330, 720, NA, NA, 527, 521, , NA","""Charybdis feriata"" OR ""Charybdis feriatus "" OR "" Cancer cruciata"" OR "" Cancer crucifer"" OR "" Cancer feriata"" OR "" Cancer sexdentatus"" OR "" Charybdis cruciata"" OR "" Portunus crucifer""    ",1,0,0,1,0,0,0,1,0,1,0,1,0,1,1,1,0.0204081632653061,0
"Charybdis_hellerii","portunidae","Brachyuran crab",3,"growth model",NA,NA,"marine",NA,"not_assessed",25,2,NA,NA,NA,NA,NA,0,0,"neither",NA,"","High","solitary","solitary","YVB","Spiny hands swimming crab","331, , NA, NA, 611, 611, 521, , 717","""Charybdis hellerii"" OR ""Charybdis merguiensis"" OR "" Goniosoma hellerii""         ",2,0,0,1,0,0,0,2,0,1,1,2,0,1,0.5,1,0.08,0
"Charybdis_japonica","portunidae","Brachyuran crab",4,NA,NA,NA,"marine",NA,"not_assessed",108,3,NA,NA,NA,NA,NA,0,0,"neither",NA,"","High","repro_aggregate","repro_aggregate","YBJ","Japanese swimming crab","279, , NA, NA, 611, 611, 521, , 721","""Charybdis japonica"" OR ""Charybdis peitchihiliensis"" OR "" Charybdis sowerbyi"" OR "" Goniosoma japonica""        ",7,0,0,3,2,0,0,7,1,3,4,4,3,0.875,0.428571428571429,0.571428571428571,0.0648148148148148,0
"Cherax_destructor","parastacidae","Lobster/Crayfish",3,NA,NA,NA,"freshwater",1,"vulnerable",226,24,NA,NA,NA,40.4,NA,1,0,"aquaculture",NA,"","High","ontogenetic_gregarious","ontogenetic_gregarious","CDT","Yabby crayfish","345, , NA, NA, 521, , 703","""Cherax destructor""           ",11,3,0,0,0,0,3,7,4,10,1,4,7,0.636363636363636,0.909090909090909,0.363636363636364,0.0486725663716814,0.0132743362831858
"Cherax_quadricarinatus","parastacidae","Lobster/Crayfish",3.5,"reviewed data, gastric mill",NA,NA,"freshwater",10,"least_concern",446,103,NA,NA,3500000,8,95,1,1,"both",NA,"",NA,"gregarious","gregarious","CRP","Red claw crayfish","280, 289, 332, , NA, NA, NA, 702","""Cherax quadricarinatus""           ",17,12,0,0,2,1,1,16,1,15,2,1,16,0.941176470588235,0.882352941176471,0.0588235294117647,0.0381165919282511,0.0269058295964126
"Chionoecetes_bairdi","majidae","Brachyuran crab",12,"growth model, reproduction and population data",NA,NA,"marine",NA,"not_assessed",150,47,NA,NA,NA,NA,4222,0,1,"capture",NA,"",NA,"repro_aggregate","repro_aggregate","CVB","Tanner crab","301, 308, , NA, NA, NA, 677","""Chionoecetes bairdi""           ",2,0,0,0,0,0,0,2,0,0,2,0,2,1,0,0,0.0133333333333333,0
"Chionoecetes_opilio","majidae","Brachyuran crab",7.7,"mark recapture",NA,NA,"mar_brack",NA,"not_assessed",486,37,60,400,NA,NA,137,0,1,"capture",160,"","High","repro_aggregate","repro_aggregate","CRQ","Queen crab","301, 307, , NA, NA, 522,  EASIN, , 678","""Chionoecetes opilio"" OR ""Cancer opilio"" OR "" Cancer phalangivm"" OR "" Chionoecetes behringianus"" OR "" Chionoecetes chilensis"" OR "" Peloplastus pallasi""      ",5,1,0,0,0,0,0,5,0,1,4,1,4,1,0.2,0.2,0.0102880658436214,0.00205761316872428
"Crangon_crangon","crangonidae","Shrimp",2,"unk",NA,NA,"marine",NA,"not_assessed",472,24,NA,NA,NA,NA,628,0,1,"capture",NA,"","Low/Unk","gregarious","gregarious","CSH","Common shrimp","381, , NA, NA, 522, 665","""Crangon crangon"" OR ""Cancer crangon"" OR "" Cancer schillinus"" OR "" Crangon maculosus"" OR "" Crangon rubro "" OR "" Crangon vulgaris"" OR "" Steiracrangon orientalis""     ",4,1,0,0,1,0,2,4,0,3,1,0,4,1,0.75,0,0.00847457627118644,0.00211864406779661
"Crangon_franciscorum","crangonidae","Shrimp",1.5,"unk",NA,NA,"marine",NA,"not_assessed",24,1,NA,NA,NA,NA,NA,0,0,"neither",NA,"",NA,"unknown","gregarious","GQF","California shrimp","382, , NA, NA, NA, NA","""Crangon franciscorum""           ",1,0,1,0,0,0,0,1,0,1,0,1,0,1,1,1,0.0416666666666667,0
"Eriocheir_sinensis","grapsidae","Brachyuran crab",5,"reviewed data",NA,NA,"mar_brack_fw",NA,"not_assessed",1267,157,NA,NA,NA,16,3,1,1,"both",NA,"","High","solitary","solitary","ERS","Chinese mitten crab","280, 291, , NA, NA, 527, 611, 611, 522, 521, 671","""Eriocheir sinensis"" OR ""Eriocheir sinensis acutifrons"" OR "" Eriocheir sinensis rostrata"" OR "" Eriocheir sinensis rotundifrons "" OR "" Eriocheir sinensis trilobata "" OR "" Grapsus nankin""      ",16,5,0,1,7,2,1,15,1,10,6,2,14,0.9375,0.625,0.125,0.0126282557221784,0.00394632991318074
"Euastacus_armatus","parastacidae","Lobster/Crayfish",50,"reviewed data",NA,NA,"fw_brack",NA,"data_deficient",20,0,NA,NA,150000,NA,100,0,1,"capture",NA,"",NA,"solitary","solitary","AYA","Australian crayfish","280, 333, , NA, NA, NA, 703","""Euastacus armatus""           ",0,NA,NA,NA,NA,NA,NA,NA,NA,NA,NA,NA,NA,NA,NA,NA,NA,NA
"Exopalaemon_modestus","palaemonidae","Shrimp",1.3,"growth model",NA,NA,"freshwater",NA,"least_concern",29,0,NA,NA,NA,NA,141412,0,1,"capture",76,"","Low/Unk","unknown","gregarious","EXO","Siberian prawn","383, , NA, 686, 686, , NA","""Exopalaemon modestus""           ",0,NA,NA,NA,NA,NA,NA,NA,NA,NA,NA,NA,NA,NA,NA,NA,NA,NA
"Grapsus_adscensionis","grapsidae","Brachyuran crab",1,"laboratory rearing",NA,NA,"marine",NA,"not_assessed",7,0,0,NA,NA,NA,NA,0,0,"neither",74,"",NA,"gregarious","gregarious","IFJ","","301, 334, , NA, NA, NA, 334","""Grapsus adscensionis"" OR ""Cancer adscensionis"" OR "" Grapsus adscencionis"" OR "" Grapsus pictus ocellatus "" OR "" Grapsus webbi""       ",0,NA,NA,NA,NA,NA,NA,NA,NA,NA,NA,NA,NA,NA,NA,NA,NA,NA
"Haliporoides_sibogae","solenoceridae","Shrimp",4,"growth model",NA,NA,"marine",NA,"not_assessed",12,0,NA,NA,NA,NA,832,0,1,"capture",46,"CL",NA,"unknown","gregarious","JAQ","Jack-knife shrimp","384, , NA, 724, NA, NA","""Haliporoides sibogae"" OR ""Haliporus sibogae"" OR "" Parahaliporus sibogae""         ",0,NA,NA,NA,NA,NA,NA,NA,NA,NA,NA,NA,NA,NA,NA,NA,NA,NA
"Hepatus_pudibundus","calappidae","Brachyuran crab",2.4,"growth model",NA,NA,"marine",NA,"not_assessed",29,2,NA,155,NA,NA,NA,0,0,"neither",83,"",NA,"unknown","solitary","HUY","Flecked box crab","316, 650, 652, , NA, 316, NA, NA","""Hepatus pudibundus"" OR ""Calappa angustata"" OR "" Cancer princeps"" OR "" Cancer pudibundus"" OR "" Hepatus calappoides"" OR "" Hepatus fasciatus"" OR "" Hepatus tuberculatus""     ",1,0,0,0,0,0,0,1,0,0,1,1,0,1,0,1,0.0344827586206897,0
"Heterocarpus_reedi","pandalidae","Shrimp",6,"gastric mill",NA,NA,"marine",NA,"not_assessed",31,0,NA,NA,NA,NA,4556,0,1,"capture",NA,"",NA,"gregarious","gregarious","CHS","Chilean nylon shrimp","328, , NA, NA, NA, 692","""Heterocarpus reedi""           ",0,NA,NA,NA,NA,NA,NA,NA,NA,NA,NA,NA,NA,NA,NA,NA,NA,NA
"Homarus_americanus","nephropidae","Lobster/Crayfish",50,"growth model, reproduction and population data",9.5,NA,"marine",1,"least_concern",2095,132,1,700,NA,NA,3,0,1,"capture",NA,"","High","solitary","solitary","LBA","American lobster","336, 337, , NA, NA, 522,  EASIN, , 655","""Homarus americanus"" OR ""Astacus americanus"" OR "" Homarus mainensis""         ",23,1,0,0,7,0,0,21,4,4,19,7,16,0.84,0.173913043478261,0.304347826086957,0.0109785202863962,0.000477326968973747
"Homarus_gammarus","nephropidae","Lobster/Crayfish",72,"lipofuscan",NA,NA,"marine",NA,"least_concern",536,21,NA,NA,NA,NA,52,0,1,"capture",NA,"",NA,"solitary","solitary","LBE","European lobster","8, 280, , NA, NA, NA, NA","""Homarus gammarus"" OR ""Astacus europaeus"" OR "" Astacus gammarus"" OR "" Cancer gammarus"" OR "" Homarus marinus"" OR "" Homarus vulgaris""      ",3,1,0,0,1,0,0,3,0,1,2,1,2,1,0.333333333333333,0.333333333333333,0.00559701492537313,0.00186567164179104
"Hyas_coarctatus","oregoniidae","Brachyuran crab",2,"laboratory rearing, reproduction and population data",NA,NA,"marine",NA,"not_assessed",20,1,NA,NA,NA,NA,NA,0,0,"neither",NA,"",NA,"repro_aggregate","repro_aggregate","MVH","Arctic lyre crab","301, 302, , NA, NA, NA, 685","""Hyas coarctatus"" OR ""Hyas coarctatus coarctatus"" OR "" Hyas serratus"" OR "" Lissa fissirostra""        ",2,0,0,0,0,0,0,2,0,0,2,1,1,1,0,0.5,0.1,0
"Ibacus_peronii","scyllaridae","Lobster/Crayfish",18,"mark recapture",8,NA,"marine",NA,"least_concern",10,0,4,288,NA,NA,NA,0,0,"neither",NA,"",NA,"solitary","solitary","IBE","Butterfly fan lobster","388, , NA, NA, NA, 338","""Ibacus peronii"" OR ""Ibacus incisus""          ",0,NA,NA,NA,NA,NA,NA,NA,NA,NA,NA,NA,NA,NA,NA,NA,NA,NA
"Jasus_lalandii","palinuridae","Lobster/Crayfish",40,"unk",15,NA,"marine",NA,"least_concern",177,1,5,200,NA,NA,2162,0,1,"capture",NA,"","Low/Unk","gregarious","gregarious","LBC","Cape rock lobster","A.C. Cockcroft pers. comm. 2009, Pollock 1986, , NA, NA, 522, , 681, 697","""Jasus lalandii"" OR ""Palinurus lalandii "" OR "" Palinostus lalandii"" OR "" Palinosytus lalandii""        ",0,NA,NA,NA,NA,NA,NA,NA,NA,NA,NA,NA,NA,NA,NA,NA,NA,NA
"Leptochela_gracilis","pasiphaeidae","Shrimp",1,"growth model",NA,NA,"marine",NA,"not_assessed",3,0,30,194,NA,NA,NA,0,0,"neither",9.6,"CL",NA,"unknown","gregarious","LKG","Lesser glass shrimp","386, 705, NA, 705, NA, 704","""Leptochela gracilis"" OR ""Leptochela pellucida""          ",0,NA,NA,NA,NA,NA,NA,NA,NA,NA,NA,NA,NA,NA,NA,NA,NA,NA
"Lithodes_santolla","lithodidae","Anomuran crab",14,NA,NA,NA,"marine",NA,"not_assessed",61,8,NA,NA,NA,NA,3243,0,1,"capture",NA,"",NA,"ontogenetic_gregarious","ontogenetic_gregarious","KCR","Southern king crab","345, , NA, NA, NA, 674","""Lithodes santolla"" OR ""Lithodes antarctica"" OR "" Pseudolithodes zenkevitchi""         ",2,0,1,0,0,0,1,2,0,2,0,1,1,1,1,0.5,0.0327868852459016,0
"Macrobrachium_amazonicum","palaemonidae","Shrimp",4,"growth model",NA,NA,"fw_brack",NA,"least_concern",173,6,NA,NA,NA,NA,NA,0,0,"neither",NA,"",NA,"repro_aggregate","repro_aggregate","MBA","Amazonian river prawn","387, , NA, NA, NA, 687","""Macrobrachium amazonicum""           ",4,0,1,0,2,0,0,4,1,1,3,2,2,0.8,0.25,0.5,0.023121387283237,0
"Macrobrachium_intermedium","palaemonidae","Shrimp",2,"field survey",NA,NA,"fw_brack",NA,"not_assessed",3,0,NA,NA,NA,NA,NA,0,0,"neither",NA,"",NA,"unknown","gregarious","BKI","Striped river prawn","388, , NA, NA, NA, NA","""Macrobrachium intermedium"" OR ""Leander intermedius""          ",0,NA,NA,NA,NA,NA,NA,NA,NA,NA,NA,NA,NA,NA,NA,NA,NA,NA
"Macrobrachium_macrobrachion","palaemonidae","Shrimp",3,"growth model, captive rearing",NA,NA,"fw_brack",NA,"least_concern",26,0,NA,NA,NA,NA,NA,0,0,"neither",120,"",NA,"unknown","gregarious","BKB","Brackish river prawn","389, , NA, 688, NA, NA","""Macrobrachium macrobrachion"" OR ""Palaemon africanus"" OR "" Palemon macrobrachion""         ",0,NA,NA,NA,NA,NA,NA,NA,NA,NA,NA,NA,NA,NA,NA,NA,NA,NA
"Macrobrachium_nipponense","palaemonidae","Shrimp",3.3,"growth model, captive rearing",NA,NA,"fw_brack",NA,"least_concern",377,22,NA,NA,NA,205010,141413,1,1,"both",80,"","Low/Unk","unknown","gregarious","MNX","Oriental river prawn","390, , NA, 689, 689, , NA","""Macrobrachium nipponense""           ",6,2,0,0,3,2,1,6,0,5,1,0,6,1,0.833333333333333,0,0.0159151193633952,0.00530503978779841
"Macrobrachium_raridens","palaemonidae","Shrimp",1.1,"growth model",NA,NA,"fw_brack",NA,"data_deficient",0,0,NA,NA,NA,NA,NA,0,0,"neither",NA,"",NA,"unknown","gregarious","BJD","Volta river prawn","391, , NA, NA, NA, NA","""Macrobrachium raridens"" OR ""Palaemon raridens""          ",0,NA,NA,NA,NA,NA,NA,NA,NA,NA,NA,NA,NA,NA,NA,NA,NA,NA
"Macrobrachium_vollenhovenii","palaemonidae","Shrimp",2.1,"growth model",NA,NA,"fw_brack",NA,"least_concern",60,2,NA,NA,NA,NA,NA,0,0,"neither",190,"",NA,"unknown","gregarious","BJH","African river prawn","392, , NA, 690, NA, NA","""Macrobrachium vollenhovenii""           ",0,NA,NA,NA,NA,NA,NA,NA,NA,NA,NA,NA,NA,NA,NA,NA,NA,NA
"Maja_squinado","majidae","Brachyuran crab",10,"growth model, reproduction and population data",NA,NA,"marine",NA,"not_assessed",82,1,NA,NA,NA,52,1,1,1,"both",NA,"",NA,"gregarious","gregarious","SCR","Spinous spider crab","301, 340, , NA, NA, NA, 679","""Maja squinado"" OR ""Cancer cornutus"" OR "" Cancer squinado"" OR "" Maja tuberculata""        ",1,0,0,0,0,0,0,1,0,0,1,1,0,1,0,1,0.0121951219512195,0
"Menippe_mercenaria","xanthidae","Brachyuran crab",8,"growth model",NA,NA,"marine",NA,"not_assessed",108,4,NA,NA,NA,NA,201,0,1,"capture",NA,"",NA,"solitary","solitary","STC","Black stone crab","341, , NA, NA, NA, NA","""Menippe mercenaria"" OR ""Cancer mercenaria"" OR "" Pseudocarcinus ocellatus""         ",3,0,0,0,0,0,0,3,0,1,2,0,3,1,0.333333333333333,0,0.0277777777777778,0
"Metacarcinus_magister","cancridae","Brachyuran crab",8,NA,NA,NA,"marine",NA,"not_assessed",476,27,NA,NA,NA,NA,5403,0,1,"capture",NA,"",NA,"repro_aggregate","repro_aggregate","DUN","Dungeness crab","326, , NA, NA, NA, 653","""Metacarcinus magister"" OR ""Cancer_magister""          ",5,0,0,1,0,0,2,5,0,3,2,2,3,1,0.6,0.4,0.0105042016806723,0
"Metanephrops_australiensis","nephropidae","Lobster/Crayfish",12,"growth model",4,NA,"marine",NA,"least_concern",3,0,418,500,NA,NA,NA,0,0,"neither",NA,"",NA,"gregarious","gregarious","MFL","Northwest lobster","342, , NA, NA, NA, 680","""Metanephrops australiensis"" OR ""Nephrops australiensis""          ",0,NA,NA,NA,NA,NA,NA,NA,NA,NA,NA,NA,NA,NA,NA,NA,NA,NA
"Metanephrops_boschmai","nephropidae","Lobster/Crayfish",12,"growth model",4,NA,"marine",NA,"least_concern",1,0,230,700,NA,NA,NA,0,0,"neither",NA,"",NA,"gregarious","gregarious","MFO","Bight lobster","342, , NA, NA, NA, 680","""Metanephrops boschmai"" OR ""Nephrops boschmai""          ",0,NA,NA,NA,NA,NA,NA,NA,NA,NA,NA,NA,NA,NA,NA,NA,NA,NA
"Metanephrops_challengeri","nephropidae","Lobster/Crayfish",15,"growth model",5.5,NA,"marine",NA,"least_concern",5,2,140,640,NA,NA,546,0,1,"capture",NA,"",NA,"gregarious","gregarious","MEC","New Zealand lobster","343, , NA, NA, NA, 497","""Metanephrops challengeri"" OR ""Nephrops challengeri""          ",1,0,0,0,0,0,1,1,0,1,0,0,1,1,1,0,0.2,0
"Metanephrops_velutinus","nephropidae","Lobster/Crayfish",12,"growth model",NA,NA,"marine",NA,"least_concern",4,0,240,700,NA,NA,NA,0,0,"neither",NA,"",NA,"unknown","solitary","MFV","Velvet lobster","344, , NA, NA, NA, 497","""Metanephrops velutinus"" OR ""Metanephrops andamanicus""          ",0,NA,NA,NA,NA,NA,NA,NA,NA,NA,NA,NA,NA,NA,NA,NA,NA,NA
"Metapenaeopsis_barbata","penaeidae","Shrimp",2,"growth model, reproduction and population data",NA,NA,"marine",NA,"not_assessed",15,0,NA,NA,NA,NA,NA,0,0,"neither",NA,"",NA,"repro_aggregate","repro_aggregate","MJB","Whiskered velvet shrimp","393, , NA, NA, NA, 706","""Metapenaeopsis barbata"" OR ""Parapenaeus akayebi"" OR "" Penaeus barbatus""         ",3,0,3,0,0,0,0,3,0,3,0,3,0,1,1,1,0.2,0
"Metapenaeus_affinis","penaeidae","Shrimp",1.4,"growth model",NA,NA,"mar_brack_fw",NA,"not_assessed",66,3,NA,NA,NA,NA,NA,0,0,"neither",65,"TL","Low/Unk","unknown","gregarious","MTJ","Jinga shrimp","394, , 707, 707, 521, , NA","""Metapenaeus affinis"" OR ""Hymenopenaeus affinis "" OR "" Metapenaeus ivanovi"" OR "" Metapenaeus mutatus"" OR "" Metapenaeus necopinans"" OR "" Penaeus affinis"" OR "" Penaeus mutatis""     ",8,3,0,0,1,0,2,8,0,5,3,0,8,1,0.625,0,0.121212121212121,0.0454545454545455
"Metapenaeus_dobsoni","penaeidae","Shrimp",1.8,"growth model",NA,NA,"mar_brack",NA,"not_assessed",79,4,NA,NA,NA,NA,NA,0,0,"neither",NA,"",NA,"ontogenetic_gregarious","ontogenetic_gregarious","MPD","Kadal shrimp","395, , NA, NA, NA, 708","""Metapenaeus dobsoni"" OR ""Penaeus dobsoni""          ",12,3,2,0,0,0,0,10,2,8,3,4,7,0.833333333333333,0.727272727272727,0.363636363636364,0.151898734177215,0.0379746835443038
"Metapenaeus_ensis","penaeidae","Shrimp",2,"growth model",NA,NA,"marine",NA,"not_assessed",138,14,NA,NA,NA,155.4,NA,1,0,"aquaculture",NA,"",NA,"unknown","gregarious","MPE","Greasyback shrimp","396, , NA, NA, NA, NA","""Metapenaeus ensis"" OR ""Metapenaeus mastersii"" OR "" Metapenaeus philippinensis"" OR "" Penaeus incisipes"" OR "" Penaeus mastersii"" OR "" Penoeus ensis""      ",4,3,0,0,0,0,0,4,0,3,1,0,4,1,0.75,0,0.0289855072463768,0.0217391304347826
"Metapenaeus_joyneri","penaeidae","Shrimp",1,"growth model",NA,NA,"marine",NA,"not_assessed",15,1,NA,NA,NA,NA,980,0,1,"capture",NA,"",NA,"unknown","gregarious","SHI","Shiba shrimp","397, , NA, NA, NA, NA","""Metapenaeus joyneri""           ",0,NA,NA,NA,NA,NA,NA,NA,NA,NA,NA,NA,NA,NA,NA,NA,NA,NA
"Metapenaeus_monoceros","penaeidae","Shrimp",3,"growth model",NA,NA,"marine",NA,"not_assessed",202,7,NA,NA,NA,7533,2078,1,1,"both",NA,"","High","unknown","gregarious","MPN","Speckled shrimp","398, , NA, NA, 527, 521, , NA","""Metapenaeus monoceros"" OR ""Metapenaeus cognatus"" OR "" Metapenaeus deschampsi"" OR "" Penaeopsis spinulicauda"" OR "" Penaeus monoceros""       ",6,3,2,0,0,0,1,6,0,6,0,2,4,1,1,0.333333333333333,0.0297029702970297,0.0148514851485149
"Metapenaeus_stebbingi","penaeidae","Shrimp",1,"growth model",NA,NA,"marine",NA,"not_assessed",15,0,NA,NA,NA,NA,NA,0,0,"neither",NA,"","High","unknown","gregarious","MNG","Peregrine shrimp","399, , NA, NA, 527, 521, , NA","""Metapenaeus stebbingi""           ",0,NA,NA,NA,NA,NA,NA,NA,NA,NA,NA,NA,NA,NA,NA,NA,NA,NA
"Munida_gregaria","galatheidae","Anomuran crab",5,"laboratory rearing",NA,NA,"marine",NA,"not_assessed",51,1,NA,NA,NA,NA,63,0,1,"capture",NA,"",NA,"gregarious","gregarious","UDQ","Swarming squat lobster","345, , NA, NA, NA, 668","""Munida gregaria"" OR ""Galathea gregaria"" OR "" Galathea subrugosa "" OR "" Grimothea gregaria"" OR "" Grimothea novae zealandiae "" OR "" Munida australiensis"" OR "" Munida subrugosa"" OR "" Munida subrugosa australiensis""    ",1,0,1,0,0,0,0,1,0,1,0,1,0,1,1,1,0.0196078431372549,0
"Necora_puber","portunidae","Brachyuran crab",5.6,"growth model",NA,NA,"marine",NA,"not_assessed",90,8,NA,NA,NA,NA,127,0,1,"capture",NA,"","Low/Unk","solitary","solitary","LIO","Velvet swimcrab","271, , NA, NA, 521, , 662","""Necora puber"" OR ""Macropipus puber "" OR "" Liocarcinus puber "" OR "" Cancer puber"" OR "" Cancer velutinus"" OR "" Polybius puber""      ",6,1,1,1,0,0,0,5,1,4,2,3,3,0.833333333333333,0.666666666666667,0.5,0.0666666666666667,0.0111111111111111
"Nematopalaemon_hastatus","palaemonidae","Shrimp",2.73,"growth model",NA,NA,"mar_brack",NA,"not_assessed",7,1,NA,NA,NA,NA,11600,0,1,"capture",NA,"",NA,"unknown","gregarious","NLH","West African estuarine prawn","405, , NA, NA, NA, NA","""Nematopalaemon hastatus"" OR ""Palaemon hastatus""          ",0,NA,NA,NA,NA,NA,NA,NA,NA,NA,NA,NA,NA,NA,NA,NA,NA,NA
"Neotrypaea_californiensis","callianassidae","Lobster/Crayfish",10,"lipofuscan age pigment",NA,NA,"marine",NA,"not_assessed",50,4,NA,NA,NA,NA,NA,0,0,"neither",NA,"",NA,"gregarious","gregarious","ISF","Bay ghost shrimp","317, , NA, NA, NA, 649","""Neotrypaea californiensis"" OR ""Callianassa californiensis "" OR "" Callianassa occidentalis""         ",1,0,1,0,0,0,0,1,0,1,0,1,0,1,1,1,0.02,0
"Nephrops_norvegicus","nephropidae","Lobster/Crayfish",15,"reviewed data",2.5,NA,"marine",NA,"least_concern",627,111,20,800,NA,NA,240,0,1,"capture",NA,"",NA,"solitary","solitary","NEP","Norway lobster","280, 285, , NA, NA, NA, 682","""Nephrops norvegicus"" OR ""Cancer norvegicus""          ",5,1,0,0,1,0,0,4,1,3,2,1,4,0.8,0.6,0.2,0.00797448165869218,0.00159489633173844
"Notocrangon_antarcticus","crangonidae","Shrimp",10,"lipofuscin",NA,NA,"marine",NA,"not_assessed",4,0,NA,NA,NA,NA,NA,0,0,"neither",NA,"",NA,"gregarious","gregarious","NCM","","406, 407, , NA, NA, NA, 666","""Notocrangon antarcticus"" OR ""Crangon antarcticus""          ",0,NA,NA,NA,NA,NA,NA,NA,NA,NA,NA,NA,NA,NA,NA,NA,NA,NA
"Orconectes_immunis","cambaridae","Lobster/Crayfish",2.52,"growth model",1.5,NA,"freshwater",NA,"least_concern",45,2,NA,NA,6284661,NA,NA,0,0,"neither",NA,"","Low/Unk","solitary","solitary","OKI","Calico crayfish","NA, , NA, NA, 521, , NA","""Orconectes immunis""           ",2,0,0,0,0,0,0,2,0,0,2,0,2,1,0,0,0.0444444444444444,0
"Orconectes_limosus","cambaridae","Lobster/Crayfish",4,NA,NA,NA,"freshwater",NA,"least_concern",381,42,NA,NA,2000000,NA,NA,0,0,"neither",NA,"","High","solitary","solitary","ORL","Spinycheek crayfish","345, 346, , NA, NA, 522,  EASIN, , NA","""Orconectes limosus""           ",14,1,0,0,0,0,1,13,1,3,11,5,9,0.928571428571429,0.214285714285714,0.357142857142857,0.036745406824147,0.0026246719160105
"Orconectes_nais","cambaridae","Lobster/Crayfish",2,"laboratory rearing",NA,NA,"freshwater",NA,"least_concern",17,1,NA,NA,793000,NA,NA,0,0,"neither",NA,"",NA,"solitary","solitary","OKN","","347, , NA, NA, NA, NA","""Orconectes nais""           ",0,NA,NA,NA,NA,NA,NA,NA,NA,NA,NA,NA,NA,NA,NA,NA,NA,NA
"Orconectes_propinquus","cambaridae","Lobster/Crayfish",2,"unknown",NA,NA,"freshwater",NA,"least_concern",57,2,NA,NA,218000000,NA,NA,0,0,"neither",NA,"",NA,"solitary","solitary","OKO","Northern clearwater crayfish","348, , NA, NA, NA, NA","""Orconectes propinquus""           ",3,0,0,0,0,0,0,2,1,1,2,1,2,0.666666666666667,0.333333333333333,0.333333333333333,0.0526315789473684,0
"Orconectes_rusticus","cambaridae","Lobster/Crayfish",3,NA,NA,NA,"freshwater",NA,"least_concern",224,10,NA,NA,604661,NA,NA,0,0,"neither",NA,"","Low/Unk","solitary","solitary","OKR","Rusty crayfish","349, , NA, NA, 611, 611, 521, , NA","""Orconectes rusticus""           ",3,0,0,0,0,0,0,2,1,1,2,1,2,0.666666666666667,0.333333333333333,0.333333333333333,0.0133928571428571,0
"Orconectes_virilis","cambaridae","Lobster/Crayfish",1.5,NA,NA,NA,"freshwater",NA,"least_concern",247,10,NA,NA,11725627,NA,NA,0,0,"neither",NA,"","High","unknown","ontogenetic_gregarious","OKV","Virile crayfish","345, , NA, NA, 611, 611, 522, 521, 737","""Orconectes virilis""           ",10,1,0,0,1,1,1,8,4,5,5,4,6,0.666666666666667,0.5,0.4,0.0404858299595142,0.00404858299595142
"Ovalipes_punctatus","portunidae","Brachyuran crab",2.5,"unknown",NA,NA,"marine",NA,"not_assessed",29,0,NA,NA,NA,NA,NA,0,0,"neither",NA,"",NA,"unknown","solitary","OVP","Sand crab","350, , NA, NA, NA, 661","""Ovalipes punctatus"" OR ""Corystes punctatus "" OR "" Platyonichus bipustulatus""         ",0,NA,NA,NA,NA,NA,NA,NA,NA,NA,NA,NA,NA,NA,NA,NA,NA,NA
"Pachygrapsus_marmoratus","grapsidae","Brachyuran crab",4,"growth model",NA,NA,"marine",NA,"not_assessed",103,8,0,NA,NA,NA,NA,0,0,"neither",NA,"",NA,"gregarious","gregarious","YGM","Marbled rock crab","351, , NA, NA, NA, 673","""Pachygrapsus marmoratus"" OR ""Cancer femoralis"" OR "" Cancer marmoratus"" OR "" Grapsus savignyi"" OR "" Grapsus varius"" OR "" Leptograpsus bertheloti"" OR "" Pachygrapsus pubescens""     ",4,0,1,1,0,0,0,3,1,4,0,3,1,0.75,1,0.75,0.0388349514563107,0
"Pacifastacus_leniusculus","astacidae","Lobster/Crayfish",16.7,"growth model, reproduction and population data, lipofuscan",NA,NA,"fw_brack",NA,"least_concern",266,261,NA,NA,NA,2,259,1,1,"both",NA,"","High","ontogenetic_gregarious","ontogenetic_gregarious","PCL","Signal crayfish","280, 294, , NA, NA, 611, 611, 521, , 735, 736","""Pacifastacus leniusculus""           ",10,2,0,0,3,1,1,10,0,4,6,0,10,1,0.4,0,0.037593984962406,0.0075187969924812
"Palaemon_adspersus","palaemonidae","Shrimp",3.07,"growth model",NA,NA,"marine",NA,"not_assessed",50,2,NA,NA,NA,0.06,33,1,1,"both",NA,"","Low/Unk","unknown","gregarious","PAA","Baltic prawn","408, , NA, NA, 522, NA","""Palaemon adspersus"" OR ""Cancer squilla"" OR "" Leander adspersus"" OR "" Leander brandti"" OR "" Leander rectirostris"" OR "" Palaemon communis"" OR "" Palaemon fabricii"" OR "" Palaemon foliirostris"" OR "" Palaemon imbellis"" OR "" Palaemon rectirostris"" OR "" Palaemon leachii"" OR "" Palaemon squilla""",2,1,1,0,0,0,0,2,0,2,0,1,1,1,1,0.5,0.04,0.02
"Palaemon_gravieri","palaemonidae","Shrimp",1.75,"growth model",NA,NA,"marine",NA,"not_assessed",3,0,NA,NA,NA,NA,NA,0,0,"neither",NA,"",NA,"unknown","gregarious","PVK","Chinese ditch prawn","409, , 691, NA, NA, NA","""Palaemon gravieri"" OR ""Leander gravieri""          ",0,NA,NA,NA,NA,NA,NA,NA,NA,NA,NA,NA,NA,NA,NA,NA,NA,NA
"Palaemon_macrodactylus","palaemonidae","Shrimp",2,"unk",NA,NA,"mar_brack",NA,"not_assessed",32,3,NA,NA,NA,NA,NA,0,0,"neither",NA,"","High","solitary","solitary","PMZ","Migrant prawn","410, , NA, NA, 522,  EASIN, , 522","""Palaemon macrodactylus""           ",4,2,0,0,0,0,0,3,1,3,1,1,3,0.75,0.75,0.25,0.125,0.0625
"Palaemon_pacificus","palaemonidae","Shrimp",1.25,"growth model",NA,NA,"marine",NA,"not_assessed",12,0,NA,NA,NA,NA,NA,0,0,"neither",NA,"",NA,"unknown","gregarious","OUI","Indian bait prawn","411, , NA, NA, NA, NA","""Palaemon pacificus"" OR ""Leander okiensis"" OR "" Leander pacificus""         ",0,NA,NA,NA,NA,NA,NA,NA,NA,NA,NA,NA,NA,NA,NA,NA,NA,NA
"Palaemon_paucidens","palaemonidae","Shrimp",1.2,"growth model",NA,NA,"marine",NA,"not_assessed",16,1,NA,NA,NA,NA,NA,0,0,"neither",NA,"",NA,"unknown","gregarious","PMW","Lake prawn","412, , NA, NA, NA, NA","""Palaemon paucidens""           ",1,1,0,0,0,0,0,1,0,1,0,0,1,1,1,0,0.0625,0.0625
"Palaemon_serrifer","palaemonidae","Shrimp",1.33,NA,NA,NA,"marine",NA,"not_assessed",1,2,NA,NA,NA,NA,NA,0,0,"neither",NA,"",NA,"unknown","gregarious","OSK","Carpenter prawn","411, , NA, NA, NA, NA","""Palaemon serrifer"" OR ""Leander fagei"" OR "" Leander serrifer""         ",1,1,0,0,0,0,0,1,0,1,0,0,1,1,1,0,1,1
"Palaemon_xiphias","palaemonidae","Shrimp",1.42,NA,NA,NA,"marine",NA,"not_assessed",3,0,NA,NA,NA,NA,NA,0,0,"neither",NA,"",NA,"unknown","gregarious","OXH","Posidonia prawn","413, , NA, NA, NA, NA","""Palaemon xiphias"" OR ""Leander xiphias"" OR "" Palaemon crenulatus"" OR "" Palaemon sogiontii"" OR "" Palemon trisetaceus"" OR "" Palemon xiphias""      ",0,NA,NA,NA,NA,NA,NA,NA,NA,NA,NA,NA,NA,NA,NA,NA,NA,NA
"Palaemonetes_paludosus","palaemonidae","Shrimp",1,"field survey",NA,NA,"mar_brack_fw",NA,"least_concern",14,11,NA,NA,NA,NA,NA,0,0,"neither",NA,"",NA,"unknown","gregarious","MPQ","Eastern grass shrimp","414, , NA, NA, NA, NA","""Palaemonetes paludosus""           ",1,0,1,0,0,0,0,1,0,1,0,1,0,1,1,1,0.0714285714285714,0
"Palinurus_elephas","palinuridae","Lobster/Crayfish",25,"growth model",9,NA,"marine",NA,"vulnerable",57,0,5,260,NA,NA,184,0,1,"capture",NA,"",NA,"gregarious","gregarious","SLO","Common spiny lobster","352, 353, , NA, NA, NA, 681, 698","""Palinurus elephas"" OR ""Astacus elephas""          ",0,NA,NA,NA,NA,NA,NA,NA,NA,NA,NA,NA,NA,NA,NA,NA,NA,NA
"Palinurus_gilchristi","palinuridae","Lobster/Crayfish",30,"unknown",12.5,NA,"marine",NA,"least_concern",11,0,55,360,NA,NA,723,0,1,"capture",NA,"",NA,"gregarious","gregarious","SLS","Southern spiny lobster","354, , NA, NA, NA, 681","""Palinurus gilchristi""           ",0,NA,NA,NA,NA,NA,NA,NA,NA,NA,NA,NA,NA,NA,NA,NA,NA,NA
"Pandalopsis_dispar","pandalidae","Shrimp",9,NA,NA,NA,"marine",NA,"not_assessed",6,1,38,649,NA,NA,NA,0,0,"neither",208,"TL",NA,"unknown","gregarious","NDD","Sidestripe shrimp","415, 693, NA, 693, NA, NA","""Pandalopsis dispar""           ",0,NA,NA,NA,NA,NA,NA,NA,NA,NA,NA,NA,NA,NA,NA,NA,NA,NA
"Pandalus_borealis","pandalidae","Shrimp",11,"growth model, reproduction and population data",NA,NA,"mar_brack",NA,"not_assessed",190,23,NA,NA,NA,NA,44263,0,1,"capture",NA,"",NA,"gregarious","gregarious","PRA","Northern prawn","280, 284, , NA, NA, NA, 694","""Pandalus borealis"" OR ""Dymas typus"" OR "" Pandalus borealis "" OR "" Pandalus edinticulatus""        ",3,1,1,0,0,0,0,3,0,2,1,2,1,1,0.666666666666667,0.666666666666667,0.0157894736842105,0.00526315789473684
"Pandalus_hypsinotus","pandalidae","Shrimp",7,NA,NA,NA,"marine",NA,"not_assessed",8,1,5,460,NA,NA,845,0,1,"capture",216,"TL",NA,"unknown","gregarious","PYX","Coonstripe shrimp","416, 693, NA, 693, NA, NA","""Pandalus hypsinotus""           ",1,1,0,0,0,0,0,1,0,1,0,0,1,1,1,0,0.125,0.125
"Pandalus_montagui","pandalidae","Shrimp",4,"growth model",NA,NA,"marine",NA,"not_assessed",14,1,NA,NA,NA,NA,605,0,1,"capture",NA,"",NA,"unknown","gregarious","AES","Aesop shrimp","417, , NA, NA, NA, NA","""Pandalus montagui"" OR ""Astacus maculatus"" OR "" Boreocaris mobiusi"" OR "" Pandalus annulicornis"" OR "" Pandalus leptorhynchus"" OR "" Pandalus levigatus""      ",3,0,1,0,0,0,1,3,0,2,1,2,1,1,0.666666666666667,0.666666666666667,0.214285714285714,0
"Panulirus_argus","palinuridae","Lobster/Crayfish",30,"growth model, lipofuscan",10,NA,"marine",NA,"data_deficient",360,50,1,90,NA,8.33,105,1,1,"both",NA,"",NA,"gregarious","gregarious","SLC","Caribbean spiny lobster","280, 286, 287, , NA, NA, NA, 645, 681","""Panulirus argus"" OR ""Palinurus americanus"" OR "" Palinurus argus"" OR "" Palinurus ricordi""        ",1,1,0,0,0,0,0,1,0,1,0,0,1,1,1,0,0.00277777777777778,0.00277777777777778
"Panulirus_cygnus","palinuridae","Lobster/Crayfish",27,"unknown",10,NA,"marine",NA,"least_concern",140,8,1,120,NA,NA,10441,0,1,"capture",NA,"",NA,"gregarious","gregarious","LOA","Australian spiny lobster","357, , NA, NA, NA, 646, 681","""Panulirus cygnus"" OR ""Panulirus longipes cygnus""          ",0,NA,NA,NA,NA,NA,NA,NA,NA,NA,NA,NA,NA,NA,NA,NA,NA,NA
"Panulirus_interruptus","palinuridae","Lobster/Crayfish",25,"growth model",NA,NA,"marine",NA,"least_concern",143,5,NA,65,NA,NA,NA,0,0,"neither",NA,"",NA,"gregarious","gregarious","NUT","Mexican spiny loster","358, , NA, NA, NA, 647, 681","""Panulirus interruptus"" OR ""Palinurus interruptus""          ",0,NA,NA,NA,NA,NA,NA,NA,NA,NA,NA,NA,NA,NA,NA,NA,NA,NA
"Panulirus_penicillatus","palinuridae","Lobster/Crayfish",14,"illiad",7,NA,"marine",NA,"least_concern",20,1,1,16,NA,NA,NA,0,0,"neither",NA,"",NA,"gregarious","gregarious","NUP","Pronghorn spiny lobster","359, , NA, NA, NA, 681, 699","""Panulirus penicillatus"" OR ""Astacus penicillatus""          ",0,NA,NA,NA,NA,NA,NA,NA,NA,NA,NA,NA,NA,NA,NA,NA,NA,NA
"Panulirus_polyphagus","palinuridae","Lobster/Crayfish",10,"growth model",NA,NA,"marine",NA,"least_concern",8,0,3,90,NA,39.01,NA,1,0,"aquaculture",NA,"",NA,"gregarious","gregarious","LMS","Mud spiny lobster","360, , NA, NA, NA, 681, 700","""Panulirus polyphagus"" OR ""Cancer polyphagus"" OR "" Palinurus fasciatus"" OR "" Panulirus fasciatus"" OR "" Panulirus orientalis""       ",0,NA,NA,NA,NA,NA,NA,NA,NA,NA,NA,NA,NA,NA,NA,NA,NA,NA
"Paralithodes_camtschaticus","lithodidae","Anomuran crab",23,"unknown",NA,NA,"marine",NA,"not_assessed",192,15,NA,NA,NA,NA,823,0,1,"capture",NA,"","High","gregarious","gregarious","KCD","Red king crab","361, , NA, NA, 522,  EASIN, , 675","""Paralithodes camtschaticus"" OR ""Lithodes japonicus"" OR "" Lithodes spinosissimus"" OR "" Maja camtschatica"" OR "" Paralithodes camtschatica"" OR "" Paralithodes rostrofalcatus""      ",12,1,0,2,0,0,2,11,1,6,6,8,4,0.916666666666667,0.5,0.666666666666667,0.0625,0.00520833333333333
"Paralithodes_platypus","lithodidae","Anomuran crab",21,"laboratory rearing",NA,NA,"marine",NA,"not_assessed",26,14,NA,NA,NA,NA,4831,0,1,"capture",230,"",NA,"gregarious","gregarious","KCI","Blue king crab","362, 676, , NA, NA, NA, 676","""Paralithodes platypus""           ",6,1,0,2,0,0,2,6,0,5,1,2,4,1,0.833333333333333,0.333333333333333,0.230769230769231,0.0384615384615385
"Paranephrops_planifrons","parastacidae","Lobster/Crayfish",5.5,"growth model",NA,NA,"freshwater",NA,"least_concern",21,0,1,180,45200,NA,NA,0,0,"neither",NA,"",NA,"solitary","solitary","NFF","Koura crayfish","363, , NA, NA, NA, NA","""Paranephrops planifrons""           ",0,NA,NA,NA,NA,NA,NA,NA,NA,NA,NA,NA,NA,NA,NA,NA,NA,NA
"Parapenaeopsis_hardwickii","penaeidae","Shrimp",2.74,"growth model",NA,NA,"marine",NA,"not_assessed",18,0,NA,NA,NA,NA,NA,0,0,"neither",NA,"",NA,"unknown","gregarious","NAW","Spear shrimp","419, , NA, NA, NA, NA","""Parapenaeopsis hardwickii"" OR ""Parapenaeopsis cultirostris""          ",0,NA,NA,NA,NA,NA,NA,NA,NA,NA,NA,NA,NA,NA,NA,NA,NA,NA
"Parapenaeopsis_stylifera","penaeidae","Shrimp",2,"growth model",NA,NA,"marine",NA,"not_assessed",15,9,NA,NA,NA,NA,NA,0,0,"neither",NA,"",NA,"ontogenetic_gregarious","ontogenetic_gregarious","NAY","Kiddi shrimp","420, , NA, NA, NA, 708","""Parapenaeopsis stylifera"" OR ""Penaeus stylifera""          ",7,3,4,0,0,0,0,7,0,7,0,4,3,1,1,0.571428571428571,0.466666666666667,0.2
"Parapenaeopsis_tenella","penaeidae","Shrimp",1.25,"Parapenaeopsis tenella",NA,NA,"marine",NA,"not_assessed",0,0,NA,NA,NA,NA,NA,0,0,"neither",NA,"",NA,"unknown","gregarious","NIT","Smoothshell shrimp","421, , NA, NA, NA, NA","""Parapenaeopsis tenella""           ",0,NA,NA,NA,NA,NA,NA,NA,NA,NA,NA,NA,NA,NA,NA,NA,NA,NA
"Parapenaeus_longirostris","penaeidae","Shrimp",9,"growth model",NA,NA,"marine",NA,"not_assessed",101,5,NA,NA,NA,NA,10,0,1,"capture",NA,"",NA,"gregarious","gregarious","DPS","Deep-water rose shrimp","422, , NA, NA, NA, 709","""Parapenaeus longirostris"" OR ""Penaeus bocagei"" OR "" Penaeus lividus"" OR "" Penaeus longirostris"" OR "" Peneus cocco""       ",4,0,0,0,3,0,1,4,0,1,3,0,4,1,0.25,0,0.0396039603960396,0
"Penaeus_aztecus","penaeidae","Shrimp",2.25,"unk",NA,NA,"marine",NA,"not_assessed",151,18,NA,NA,NA,NA,897,0,1,"capture",NA,"","Low/Unk","gregarious","gregarious","ABS","Northern brown shrimp","423, , NA, NA, 521, , 710","""Penaeus aztecus"" OR ""Farfantepenaeus aztecus""          ",14,4,1,0,1,0,2,11,3,12,2,4,10,0.785714285714286,0.857142857142857,0.285714285714286,0.0927152317880795,0.0264900662251656
"Penaeus_brasiliensis","penaeidae","Shrimp",2,"growth model",NA,NA,"marine",NA,"not_assessed",42,10,NA,NA,NA,NA,9829,0,1,"capture",NA,"",NA,"unknown","gregarious","PNB","Redspotted shrimp","424, , NA, NA, NA, NA","""Penaeus brasiliensis"" OR ""Farfantepenaeus brasiliensis""          ",11,1,0,0,0,0,2,6,6,10,1,6,5,0.5,0.909090909090909,0.545454545454545,0.261904761904762,0.0238095238095238
"Penaeus_californiensis","penaeidae","Shrimp",1.55,"growth model",NA,NA,"marine",NA,"not_assessed",59,13,NA,NA,NA,NA,4,0,1,"capture",NA,"",NA,"unknown","gregarious","YPS","Yellowleg shrimp","425, , NA, NA, NA, NA","""Penaeus californiensis"" OR ""Farfantepenaeus californiensis""          ",2,1,0,0,0,0,0,2,0,1,1,0,2,1,0.5,0,0.0338983050847458,0.0169491525423729
"Penaeus_duorarum","penaeidae","Shrimp",1.64,"growth model",NA,NA,"marine",NA,"not_assessed",100,9,NA,NA,NA,NA,646,0,1,"capture",NA,"",NA,"unknown","gregarious","APS","Northern pink shrimp","426, , NA, NA, NA, NA","""Penaeus duorarum"" OR ""Farfantepenaeus duorarum""          ",20,4,0,0,0,0,4,13,9,18,2,9,11,0.590909090909091,0.9,0.45,0.2,0.04
"Penaeus_indicus","penaeidae","Shrimp",1,"unk",NA,NA,"mar_brack",NA,"not_assessed",269,111,NA,NA,NA,2865,35,1,1,"both",NA,"",NA,"gregarious","gregarious","PNI","Indian white prawn","401, , NA, NA, NA, 712","""Penaeus indicus"" OR ""Fenneropenaeus indicus"" OR "" Palaemon longicornis"" OR "" Penaeus indicus""        ",13,6,0,0,3,0,0,13,0,8,5,0,13,1,0.615384615384615,0,0.0483271375464684,0.0223048327137546
"Penaeus_japonicus","penaeidae","Shrimp",1.5,"unk",NA,NA,"marine",NA,"not_assessed",400,280,NA,NA,NA,34,32,1,1,"both",NA,"","High","gregarious","gregarious","KUP","Kuruma prawn","403, , NA, NA, 521, , 715","""Penaeus japonicus"" OR ""Marsupenaeus japonicas "" OR "" Penaeus canaliculatus""         ",14,6,0,0,5,0,0,14,0,6,8,0,14,1,0.428571428571429,0,0.035,0.015
"Penaeus_kerathurus","penaeidae","Shrimp",2.6,"growth model",NA,NA,"marine",NA,"not_assessed",70,1,NA,NA,NA,1.096,2264,1,1,"both",NA,"",NA,"unknown","gregarious","TGS","Caramote prawn","427, , NA, NA, NA, NA","""Penaeus kerathurus"" OR ""Alpheus caramote"" OR "" Alpheus punctulatus"" OR "" Alpheus trisulcatus"" OR "" Cancer kerathurus"" OR "" Melicertus kerathurus"" OR "" Melicertus tigrinus"" OR "" Palaemon sulcatus"" OR "" Penaeus trisulcatus "" OR "" Peneus cristatus"" OR "" Peneus mars"" ",1,1,0,0,0,0,0,1,0,1,0,0,1,1,1,0,0.0142857142857143,0.0142857142857143
"Penaeus_latisulcatus","penaeidae","Shrimp",1.25,NA,NA,NA,"marine",NA,"not_assessed",33,5,NA,NA,NA,NA,66,0,1,"capture",NA,"",NA,"unknown","gregarious","WKP","Western king prawn","404, , NA, NA, NA, NA","""Penaeus latisulcatus"" OR ""Melicertus latisulcatus""          ",2,0,1,0,0,0,1,2,0,2,0,1,1,1,1,0.5,0.0606060606060606,0
"Penaeus_longistylus","penaeidae","Shrimp",1,"growth model",NA,NA,"marine",NA,"not_assessed",3,1,NA,NA,NA,NA,NA,0,0,"neither",NA,"",NA,"unknown","gregarious","ELY","Red-spot king prawn","402, , NA, NA, NA, NA","""Penaeus longistylus"" OR ""Melicertus longistylus"" OR "" Penaeus caesius"" OR "" Penaeus jejunus""        ",2,0,1,0,0,0,1,2,0,2,0,1,1,1,1,0.5,0.666666666666667,0
"Penaeus_merguiensis","penaeidae","Shrimp",2,"growth model",NA,NA,"brackish",NA,"not_assessed",273,52,NA,NA,NA,197,10,1,1,"both",NA,"","Low/Unk","gregarious","gregarious","PBA","Banana prawn","428, , NA, NA, 521, , 664","""Penaeus merguiensis"" OR ""Fenneropenaeus merguiensis""          ",12,8,1,0,0,0,2,11,1,12,0,2,10,0.916666666666667,1,0.166666666666667,0.043956043956044,0.0293040293040293
"Penaeus_monodon","penaeidae","Shrimp",2,"unk",NA,NA,"marine",NA,"not_assessed",2834,1958,NA,NA,NA,35,93460,1,1,"both",NA,"",NA,"repro_aggregate","repro_aggregate","GIT","Giant tiger prawn","429, , NA, NA, NA, 711","""Penaeus monodon"" OR ""Penaeus bubulus"" OR "" Penaeus carinatus"" OR "" Penaeus coeruleus"" OR "" Penaeus durbani"" OR "" Penaeus semisulcatus "" OR "" Penaeus tahitensis""     ",30,12,0,0,5,0,3,30,0,16,14,0,30,1,0.533333333333333,0,0.0105857445306987,0.00423429781227946
"Penaeus_notialis","penaeidae","Shrimp",0.96,"unk",NA,NA,"marine",NA,"not_assessed",85,2,NA,NA,NA,NA,339,0,1,"capture",NA,"",NA,"unknown","gregarious","SOP","Southern pink shrimp","400, , NA, NA, NA, NA","""Penaeus notialis"" OR ""Farfantepenaeus notialis""          ",2,0,0,0,0,0,2,2,0,2,0,0,2,1,1,0,0.0235294117647059,0
"Penaeus_paulensis","penaeidae","Shrimp",2,"growth model",NA,NA,"marine",NA,"not_assessed",148,7,NA,NA,NA,NA,5,0,1,"capture",NA,"",NA,"unknown","gregarious","PPS","Sao Paulo shrimp","424, , NA, NA, NA, NA","""Penaeus paulensis"" OR ""Farfantepenaeus paulensis""          ",0,NA,NA,NA,NA,NA,NA,NA,NA,NA,NA,NA,NA,NA,NA,NA,NA,NA
"Penaeus_semisulcatus","penaeidae","Shrimp",2,"mark recapture",NA,NA,"marine",NA,"not_assessed",261,29,NA,NA,NA,1,1602,1,1,"both",NA,"","High","gregarious","gregarious","TIP","Green tiger prawn","206, , NA, NA, 527, 521, , 664","""Penaeus semisulcatus"" OR ""Penaeus ashiaka"" OR "" Penaeus manilensis""         ",18,4,2,0,2,0,6,18,0,12,6,2,16,1,0.666666666666667,0.111111111111111,0.0689655172413793,0.0153256704980843
"Penaeus_setiferus","penaeidae","Shrimp",1.33,"field survey",NA,NA,"mar_brack",NA,"not_assessed",258,33,NA,NA,NA,67,2148,1,1,"both",NA,"",NA,"gregarious","gregarious","PST","Northern white shrimp","431, , NA, NA, NA, 713","""Penaeus setiferus"" OR ""Cancer setiferus"" OR "" Litopenaeus setiferus"" OR "" Paeneus orbignyanus"" OR "" Penaeus fluviatilis"" OR "" Penaeus gracilirostris""      ",18,4,0,0,0,0,4,14,7,14,4,7,11,0.666666666666667,0.777777777777778,0.388888888888889,0.0697674418604651,0.0155038759689922
"Penaeus_stylirostris","penaeidae","Shrimp",1.7,"growth model, reproduction and population data",NA,NA,"mar_brack",NA,"not_assessed",235,137,NA,NA,NA,2216,134,1,1,"both",NA,"","Low/Unk","gregarious","gregarious","PNS","Blue shrimp","280, 281, , NA, NA, 522, 522","""Penaeus stylirostris"" OR ""Litopenaeus stylirostris""          ",7,5,0,0,2,0,0,7,0,5,2,0,7,1,0.714285714285714,0,0.0297872340425532,0.0212765957446809
"Penaeus_subtilis","penaeidae","Shrimp",2.2,"growth model",NA,NA,"marine",NA,"not_assessed",43,2,NA,NA,NA,NA,99,0,1,"capture",NA,"","Low/Unk","unknown","gregarious","PNU","Southern brown shrimp","432, , NA, NA, 521, , NA","""Penaeus subtilis"" OR ""Farfantepenaeus subtilis""          ",3,3,0,0,0,0,0,3,0,3,0,0,3,1,1,0,0.0697674418604651,0.0697674418604651
"Penaeus_vannamei","penaeidae","Shrimp",1,"growth model",NA,NA,"mar_brack",NA,"not_assessed",4041,1668,NA,NA,NA,365795,472,1,1,"both",NA,"","Low/Unk","gregarious","gregarious","PNV","Whiteleg shrimp","425, , NA, NA, 522, 714","""Penaeus vannamei"" OR ""Litopenaeus vannamei""          ",32,10,0,0,13,2,2,31,0,15,16,0,31,1,0.483870967741935,0,0.00791883197228409,0.00247463499133878
"Plagusia_depressa","plagusiidae","Brachyuran crab",3,"growth model",NA,NA,"mar_ter",NA,"not_assessed",12,0,NA,NA,NA,NA,NA,0,0,"neither",NA,"",NA,"solitary","solitary","UIS","Tidal spray crab","364, , NA, NA, NA, NA","""Plagusia depressa"" OR ""Cancer depressa"" OR "" Plagusia depressa depressa"" OR "" Plagusia gracilis"" OR "" Plagusia sayi""       ",0,NA,NA,NA,NA,NA,NA,NA,NA,NA,NA,NA,NA,NA,NA,NA,NA,NA
"Pleoticus_muelleri","solenoceridae","Shrimp",2.15,"growth model",NA,NA,"marine",NA,"not_assessed",80,3,NA,NA,NA,NA,47406,0,1,"capture",NA,"",NA,"gregarious","gregarious","LAA","Argentine red shrimp","433, , NA, NA, NA, 725","""Pleoticus muelleri"" OR ""Parartemesia carinata"" OR "" Philonicus mulleri""         ",1,0,0,0,0,0,0,1,0,1,0,0,1,1,1,0,0.0125,0
"Plesionika_edwardsii","pandalidae","Shrimp",3.5,"growth model",NA,NA,"marine",NA,"not_assessed",13,0,100,650,NA,NA,23,0,1,"capture",30,"CL",NA,"gregarious","gregarious","LKW","Striped soldier shrimp","434, 695, NA, 695, NA, 695","""Plesionika edwardsii"" OR ""Pandalus longirostris"" OR "" Pandalus edwardsii"" OR "" Pandalus guerinii"" OR "" Plesionika longirostris""       ",0,NA,NA,NA,NA,NA,NA,NA,NA,NA,NA,NA,NA,NA,NA,NA,NA,NA
"Plesionika_narval","pandalidae","Shrimp",6.97,"growth model",NA,NA,"marine",NA,"not_assessed",20,0,NA,NA,NA,NA,NA,0,0,"neither",NA,"",NA,"gregarious","gregarious","PVJ","Narwal shrimp","418, , NA, NA, NA, 696","""Plesionika narval"" OR ""Astacus narual"" OR "" Nisea formosa"" OR "" Palaemon tarentinum"" OR "" Palemon pristis"" OR "" Pandalus escatilis"" OR "" Pandalus stylopus"" OR "" Parapandalus narval""    ",0,NA,NA,NA,NA,NA,NA,NA,NA,NA,NA,NA,NA,NA,NA,NA,NA,NA
"Pleuroncodes_monodon","galatheidae","Anomuran crab",5,"gastric mill",NA,NA,"marine",NA,"not_assessed",35,2,NA,NA,NA,NA,809,0,1,"capture",NA,"",NA,"gregarious","gregarious","PQG","Carrot squat lobster","328, , NA, NA, NA, 669","""Pleuroncodes monodon"" OR ""Galathea monodon"" OR "" Grimothea duperreii"" OR "" Munida cokeri""        ",1,0,1,0,0,0,0,1,0,1,0,1,0,1,1,1,0.0285714285714286,0
"Pontastacus_leptodactylus","astacidae","Lobster/Crayfish",7.4,"growth model, reproduction and population data",NA,NA,"fw_brack",NA,"least_concern",762,39,NA,NA,NA,1,717,1,1,"both",NA,"",NA,"ontogenetic_gregarious","ontogenetic_gregarious","CRD","Danube crayfish","314, , NA, NA, NA, NA","""Pontastacus leptodactylus"" OR ""Astacus leptodactylus "" OR "" Astacus leptodactylus kessleri "" OR "" Astacus leptodactylus eichwaldi""        ",14,1,0,0,2,0,1,14,0,2,12,2,12,1,0.142857142857143,0.142857142857143,0.0183727034120735,0.00131233595800525
"Portunus_pelagicus","portunidae","Brachyuran crab",3,"growth model, reproduction and population data",NA,NA,"marine",NA,"not_assessed",422,51,NA,NA,NA,36.7,74,1,1,"both",NA,"","High","solitary","solitary","SCD","Blue swimming crab","301, 304, 345, , NA, NA, 527, , 722","""Portunus pelagicus"" OR ""Cancer cedonulli"" OR "" Cancer pelagicus"" OR "" Lupa pelagica"" OR "" Neptunus pelagicus"" OR "" Portunus pelagicus sinensis"" OR "" Portunus denticulatus""     ",11,1,1,2,1,0,2,10,1,7,4,6,5,0.909090909090909,0.636363636363636,0.545454545454545,0.0260663507109005,0.0023696682464455
"Portunus_sanguinolentus","portunidae","Brachyuran crab",2.5,"growth model",NA,NA,"marine",NA,"not_assessed",103,7,NA,NA,NA,NA,NA,0,0,"neither",NA,"",NA,"solitary","solitary","UNG","Threespot swimming crab","365, , NA, NA, NA, 718","""Portunus sanguinolentus"" OR ""Cancer raihoae"" OR "" Lupa sanguinolentus""         ",0,NA,NA,NA,NA,NA,NA,NA,NA,NA,NA,NA,NA,NA,NA,NA,NA,NA
"Portunus_trituberculatus","portunidae","Brachyuran crab",4,NA,NA,NA,"marine",NA,"not_assessed",546,83,NA,NA,NA,1,6894,1,1,"both",NA,"",NA,"solitary","solitary","GAZ","Gazami crab","279, , NA, NA, NA, 723","""Portunus trituberculatus"" OR ""Neptunus trituberculatus""          ",13,2,1,0,5,0,1,13,0,4,9,1,12,1,0.307692307692308,0.0769230769230769,0.0238095238095238,0.00366300366300366
"Procambarus_alleni","cambaridae","Lobster/Crayfish",3,"laboratory rearing",NA,NA,"freshwater",NA,"least_concern",12,2,NA,NA,80000,NA,NA,0,0,"neither",NA,"",NA,"solitary","solitary","RQA","Florida crayfish","366, , NA, NA, NA, NA","""Procambarus alleni""           ",1,0,0,0,0,0,0,1,0,0,1,0,1,1,0,0,0.0833333333333333,0
"Procambarus_clarkii","cambaridae","Lobster/Crayfish",6.5,NA,NA,NA,"fw_brack",NA,"least_concern",1888,254,NA,NA,NA,201.27,19,1,1,"both",NA,"","High","ontogenetic_gregarious","ontogenetic_gregarious","RCW","Red swamp crawfish","345, , NA, NA, 611, 611, 521, , 643","""Procambarus clarkii"" OR ""Cambarus clarkii""          ",16,3,0,0,4,1,0,11,5,9,7,5,11,0.6875,0.5625,0.3125,0.00847457627118644,0.00158898305084746
"Procambarus_fallax","cambaridae","Lobster/Crayfish",4.4,"laboratory rearing",NA,NA,"freshwater",NA,"least_concern",28,10,NA,NA,87000,NA,NA,0,0,"neither",NA,"","Low/Unk","solitary","solitary","RKX","","280, 290, , NA, NA, 522, , NA","""Procambarus fallax""           ",5,0,0,0,3,0,0,5,0,0,5,0,5,1,0,0,0.178571428571429,0
"Rimapenaeus_constrictus","penaeidae","Shrimp",1.6,"growth model",NA,NA,"marine",NA,"not_assessed",8,0,NA,NA,NA,NA,NA,0,0,"neither",NA,"",NA,"unknown","gregarious","TKN","Roughneck shrimp","439, , NA, NA, NA, NA","""Rimapenaeus constrictus"" OR ""Parapenaeus constrictus"" OR "" Penaeopsis agassizii"" OR "" Penaeus constrictus"" OR "" Trachypenaeus constrictus""       ",0,NA,NA,NA,NA,NA,NA,NA,NA,NA,NA,NA,NA,NA,NA,NA,NA,NA
"Romaleon_antennarium","cancridae","Brachyuran crab",7,"mark recapture",NA,NA,"marine",NA,"not_assessed",51,0,NA,NA,NA,NA,NA,0,0,"neither",NA,"",NA,"unknown","repro_aggregate","KKN","California red rock crab","324, , NA, NA, NA, NA","""Romaleon antennarium"" OR ""Cancer antennarius "" OR "" Cancer antennarium""         ",0,NA,NA,NA,NA,NA,NA,NA,NA,NA,NA,NA,NA,NA,NA,NA,NA,NA
"Sagmariasus_verreauxi","palinuridae","Lobster/Crayfish",30,"growth model",12,NA,"marine",NA,"least_concern",65,3,1,155,NA,NA,19,0,1,"capture",NA,"",NA,"gregarious","gregarious","LOG","Green rock lobster","339, , NA, 701, NA, 681, 701","""Sagmariasus verreauxi"" OR ""Jasus verreauxi "" OR "" Palinurus verreauxi""         ",1,0,0,0,1,0,0,1,0,0,1,0,1,1,0,0,0.0153846153846154,0
"Scylla_olivacea","portunidae","Brachyuran crab",3.9,"growth model",NA,NA,"mar_brack",NA,"not_assessed",62,2,NA,NA,NA,1750,NA,1,0,"aquaculture",NA,"",NA,"solitary","solitary","YLW","Orange mud crab","367, , NA, NA, NA, 719","""Scylla olivacea"" OR ""Cancer olivacea""          ",1,0,0,1,0,0,0,1,0,1,0,1,0,1,1,1,0.0161290322580645,0
"Scylla_serrata","portunidae","Brachyuran crab",4,"growth model",NA,NA,"mar_brack",NA,"not_assessed",871,106,NA,NA,NA,5,3,1,1,"both",NA,"",NA,"solitary","solitary","MUD","Indo-Pacific swamp crab","368, , NA, NA, NA, NA","""Scylla serrata"" OR ""Achelous crassimanus"" OR "" Cancer serrata"" OR "" Lupa lobifrons"" OR "" Scylla tranquebarica oceanica""       ",14,5,0,3,4,0,0,14,0,8,6,3,11,1,0.571428571428571,0.214285714285714,0.0160734787600459,0.00574052812858783
"Solenocera_acuminata","solenoceridae","Shrimp",2,"unk",NA,NA,"marine",NA,"not_assessed",1,0,NA,NA,NA,NA,NA,0,0,"neither",NA,"",NA,"unknown","gregarious","ONJ","","436, , NA, NA, NA, NA","""Solenocera acuminata""           ",0,NA,NA,NA,NA,NA,NA,NA,NA,NA,NA,NA,NA,NA,NA,NA,NA,NA
"Solenocera_choprai","solenoceridae","Shrimp",2.5,"unk",NA,NA,"marine",NA,"not_assessed",5,2,NA,NA,NA,NA,NA,0,0,"neither",114,"TL",NA,"unknown","gregarious","SKK","Ridgeback shrimp","437, , 729, 726, NA, NA","""Solenocera choprai""           ",2,2,0,0,0,0,0,2,0,2,0,0,2,1,1,0,0.4,0.4
"Solenocera_melantho","solenoceridae","Shrimp",3,"growth model",NA,NA,"marine",NA,"not_assessed",20,0,60,100,NA,NA,NA,0,0,"neither",NA,"",NA,"unknown","gregarious","SQH","Razor mud shrimp","438, 727, NA, NA, NA, NA","""Solenocera melantho"" OR ""Solenocera prominentis""          ",0,NA,NA,NA,NA,NA,NA,NA,NA,NA,NA,NA,NA,NA,NA,NA,NA,NA
"Thenus_indicus","scyllaridae","Lobster/Crayfish",4,"unknown",NA,NA,"marine",NA,"data_deficient",0,0,10,30,NA,NA,NA,0,0,"neither",84,"",NA,"gregarious","gregarious","TZI","","369, , NA, NA, NA, 659","""Thenus indicus""           ",0,NA,NA,NA,NA,NA,NA,NA,NA,NA,NA,NA,NA,NA,NA,NA,NA,NA
"Thenus_orientalis","scyllaridae","Lobster/Crayfish",8,"unknown",NA,NA,"marine",NA,"least_concern",59,0,8,100,NA,4,36,1,1,"both",NA,"",NA,"gregarious","gregarious","THQ","Flathead lobster","369, , NA, NA, NA, 659","""Thenus orientalis"" OR ""Sagaritis orientalis"" OR "" Scyllarus orientalis"" OR "" Scyllibacus orientalis""        ",0,NA,NA,NA,NA,NA,NA,NA,NA,NA,NA,NA,NA,NA,NA,NA,NA,NA
"Trachysalambria_curvirostris","penaeidae","Shrimp",1.5,"growth model",NA,NA,"marine",NA,"not_assessed",41,0,NA,NA,NA,NA,4272,0,1,"capture",NA,"",NA,"unknown","gregarious","TRV","Southern rough shrimp","440, , NA, NA, NA, NA","""Trachysalambria curvirostris"" OR ""Metapenaeus palaestinensis"" OR "" Penaeus curvirostris"" OR "" Trachypenaeus curvirostris""        ",0,NA,NA,NA,NA,NA,NA,NA,NA,NA,NA,NA,NA,NA,NA,NA,NA,NA
"Ucides_cordatus","ocypodidae","Brachyuran crab",17.6,"growth model, reproduction and population data",NA,NA,"mar_ter",NA,"not_assessed",243,9,NA,NA,NA,NA,NA,0,0,"neither",NA,"",NA,"solitary","solitary","UCC","Swamp ghost crab","301, 309, , NA, NA, NA, 683","""Ucides cordatus"" OR ""Cancer cordatus"" OR "" Cancer uca"" OR "" Ocypode fossor "" OR "" Uca pilosipes""       ",2,0,1,0,0,0,0,2,0,1,1,1,1,1,0.5,0.5,0.00823045267489712,0
"Ucides_occidentalis","ocypodidae","Brachyuran crab",5.2,"growth model",NA,NA,"marine",NA,"not_assessed",5,0,NA,NA,NA,NA,243,0,1,"capture",NA,"",NA,"solitary","solitary","UCD","Mangrove ghost crab","370, , NA, NA, NA, 684","""Ucides occidentalis"" OR ""Oedipleura occidentalis""          ",0,NA,NA,NA,NA,NA,NA,NA,NA,NA,NA,NA,NA,NA,NA,NA,NA,NA
"Upogebia_pusilla","upogebiidae","Lobster/Crayfish",4,NA,NA,NA,"mar_brack",NA,"not_assessed",46,3,0,1,NA,NA,NA,0,0,"neither",NA,"",NA,"solitary","solitary","UPJ","Mediterranean mud shrimp","371, 728, NA, NA, NA, 728","""Upogebia pusilla"" OR ""Astacus pusillus"" OR "" Gebia lacustris"" OR "" Gebia litoralis"" OR "" Gebia littoralis"" OR "" Gebia venetiarum"" OR "" Gebios littoralis"" OR "" Thalassina littoralis"" OR "" Upogebia litoralis"" OR "" Upogebia littoralis"" OR "" Upogebia pusilla"" ",2,0,1,0,0,0,0,1,1,2,0,2,0,0.5,1,1,0.0434782608695652,0
"Xantho_poressa","xanthidae","Brachyuran crab",2,"reproduction and population data",NA,NA,"marine",NA,"not_assessed",7,0,0,15,NA,NA,NA,0,0,"neither",NA,"",NA,"repro_aggregate","repro_aggregate","JLA","","301, 372, 729, 729, NA, NA, 729","""Xantho poressa"" OR ""Alpheus tinctor"" OR "" Cancer levifrons"" OR "" Cancer poressa"" OR "" Cancer tinctor"" OR "" Xantho rivulosa"" OR "" Xantho rivulosus""     ",0,NA,NA,NA,NA,NA,NA,NA,NA,NA,NA,NA,NA,NA,NA,NA,NA,NA
"Xiphopenaeus_kroyeri","penaeidae","Shrimp",2.12,"growth model",NA,NA,"mar_brack",NA,"not_assessed",110,0,NA,NA,NA,NA,14863,0,1,"capture",NA,"",NA,"unknown","gregarious","BOB","Atlantic seabob","313, , NA, NA, NA, NA","""Xiphopenaeus kroyeri"" OR ""Penaeus kroyeri"" OR "" Xiphopenaeus hartii""         ",1,0,0,0,0,0,1,1,0,1,0,0,1,1,1,0,0.00909090909090909,0
