host_genus_species,Family_Group,Order_Group,longev_max,age_method,iucn_gen_length,mig,aq_hab,min_temp,iucn,sp_code,Name_en,ref,search_name,sp_quote
Acetes_americanus,SERGESTIDAE,NATANTIA,0.88,growth model,NA,NA,marine,NA,not_assessed,EKC,Aviu shrimp,"373, 636","""Acetes americanus"" OR ""Acetes brasiliensis""          ","""Acetes americanus"""
Acetes_chinensis,SERGESTIDAE,NATANTIA,1,growth model,NA,NA,marine,NA,not_assessed,ESH,Northern mauxia shrimp,"377, 636","""Acetes chinensis""           ","""Acetes chinensis"""
Acetes_indicus,SERGESTIDAE,NATANTIA,2.5,growth model,NA,NA,mar_brack,NA,not_assessed,EKN,Jawla paste shrimp,"374, 636","""Acetes indicus"" OR ""Acetes spiniger""          ","""Acetes indicus"""
Acetes_intermedius,SERGESTIDAE,NATANTIA,1.58,growth model,NA,NA,marine,NA,not_assessed,EKI,Taiwan mauxia shrimp,"376, 636","""Acetes intermedius""           ","""Acetes intermedius"""
Acetes_japonicus,SERGESTIDAE,NATANTIA,2.14,growth model,NA,NA,marine,NA,not_assessed,AKS,Akiami paste shrimp,"375, 636","""Acetes japonicus"" OR ""Acetes cochinensis"" OR "" Acetes dispar""         ","""Acetes japonicus"""
Achelous_spinimanus,PORTUNIDAE,BRACHYURA,3.4,growth model,NA,NA,marine,NA,not_assessed,RTQ,Blotched swimming crab,"278, 637","""Achelous spinimanus"" OR ""Achelous spinimanus smithii"" OR "" Lupa banksii"" OR "" Portunus spinimanus"" OR "" Portunus vossi""       ","""Achelous spinimanus"""
Arenaeus_cribrarius,PORTUNIDAE,BRACHYURA,2,growth model,NA,NA,marine,NA,not_assessed,RSQ,Speckled swimcrab,30,"""Arenaeus cribrarius"" OR ""Portunus cribrarius"" OR "" Lupa maculata""         ","""Arenaeus cribrarius"""
Aristaeomorpha_foliacea,ARISTAEIDAE,NATANTIA,9.5,growth model,NA,NA,marine,NA,not_assessed,ARS,Giant red shrimp,378,"""Aristaeomorpha foliacea"" OR ""Aristaeomorpha giglioliana"" OR "" Aristaeomorpha mediterranea"" OR "" Aristaeomorpha rostridentata"" OR "" Aristeomorpha foliacea"" OR "" Aristeus japonicus"" OR "" Aristeus rostridentatus"" OR "" Penaeus foliacea"" OR "" Penaeus meridionalis""   ","""Aristaeomorpha foliacea"""
Aristaeopsis_edwardsiana,ARISTAEIDAE,NATANTIA,2,unk,NA,NA,marine,NA,not_assessed,SSH,Scarlet shrimp,435,"""Aristaeopsis edwardsiana"" OR ""Aristaeopsis edwardsianus"" OR "" Aristeus coralinus"" OR "" Aristeus splendens"" OR "" Penaeus edwardsianus"" OR "" Plesiopenaeus edwardsianus""      ","""Aristaeopsis edwardsiana"""
Aristeus_antennatus,ARISTAEIDAE,NATANTIA,10,growth model,NA,NA,marine,NA,not_assessed,ARA,Blue and red shrimp,"379, 640","""Aristeus antennatus"" OR ""Penaeus antemarius"" OR "" Penaeus antennatus"" OR "" Sicyonia duvernoii""        ","""Aristeus antennatus"""
Artemesia_longinaris,PENAEIDAE,NATANTIA,1.3,growth model,NA,NA,marine,NA,not_assessed,ASH,Argentine stiletto shrimp,"380, 641, 642","""Artemesia longinaris""           ","""Artemesia longinaris"""
Astacopsis_gouldi,PARASTACIDAE,REPTANTIA,60,reviewed data,14,1.65,freshwater,5.2,endangered,AIG,Giant tasmanian crayfish,"280, 296","""Astacopsis gouldi""           ","""Astacopsis gouldi"""
Astacus_astacus,ASTACIDAE,REPTANTIA,10,growth model,7.5,NA,freshwater,NA,vulnerable,AAS,Noble crayfish,"310, 311","""Astacus astacus"" OR ""Astacus fluviatilis "" OR "" Cancer astacus "" OR "" Potamobius fluviatilis balcanicus""        ","""Astacus astacus"""
Austropotamobius_pallipes,ASTACIDAE,REPTANTIA,17.9,growth model,3.5,NA,freshwater,NA,endangered,AUP,White-clawed crayfish,"280, 297, 300","""Austropotamobius pallipes"" OR ""Astacus fontinalis"" OR "" Astacus pallipes""         ","""Austropotamobius pallipes"""
Austropotamobius_torrentium,ASTACIDAE,REPTANTIA,12,growth model,NA,NA,freshwater,NA,data_deficient,UTT,Stone crayfish,346,"""Austropotamobius torrentium"" OR ""Astacus torrentium "" OR "" Austropotamobius torrentium macedonicus "" OR "" Cancer torrentium""        ","""Austropotamobius torrentium"""
Birgus_latro,COENOBITIDAE,ANOMURA,110,growth model,NA,NA,mar_ter,NA,data_deficient,BQL,Coconut crab,"315, 320","""Birgus latro"" OR ""Birgus laticauda"" OR "" Cancer latro""         ","""Birgus latro"""
Callichirus_kraussi,CALLIANASSIDAE,REPTANTIA,2,mark recapture,NA,NA,marine,NA,not_assessed,ISK,Pink ghost shrimp,319,"""Callichirus kraussi"" OR ""Callianassa kraussi""          ","""Callichirus kraussi"""
Callinectes_arcuatus,PORTUNIDAE,BRACHYURA,4,growth model,NA,NA,marine,NA,not_assessed,KLU,Cuata swimcrab,"321, 322","""Callinectes arcuatus"" OR ""Callinectes dubia"" OR "" Callinectes nitidus "" OR "" Callinectes pleuriticus""        ","""Callinectes arcuatus"""
Callinectes_bellicosus,PORTUNIDAE,BRACHYURA,4,growth model,NA,NA,marine,NA,not_assessed,KLI,Warrior swimcrab,"321, 322","""Callinectes bellicosus"" OR ""Callinectes ochoterenai""          ","""Callinectes bellicosus"""
Callinectes_danae,PORTUNIDAE,BRACHYURA,4.6,growth model,NA,NA,mar_brack,NA,not_assessed,CRZ,Dana swimcrab,163,"""Callinectes danae"" OR ""Callinectes maracaiboensis""          ","""Callinectes danae"""
Callinectes_ornatus,PORTUNIDAE,BRACHYURA,5.8,growth model,NA,NA,mar_brack,NA,not_assessed,KLO,Shelling crab,196,"""Callinectes ornatus"" OR ""Callinectes humphreyi""          ","""Callinectes ornatus"""
Callinectes_sapidus,PORTUNIDAE,BRACHYURA,8,"growth model, mark recapture",NA,NA,mar_brack_fw,NA,not_assessed,CRB,Blue crab,"280, 283","""Callinectes sapidus"" OR ""Callinectes sapidus acutidens"" OR "" Portunus diacantha""         ","""Callinectes sapidus"""
Callinectes_toxotes,PORTUNIDAE,BRACHYURA,3.16,growth model,NA,NA,marine,NA,not_assessed,CRC,Giant swimcrab,321,"""Callinectes toxotes"" OR ""Callinectes diacanthus robustus""          ","""Callinectes toxotes"""
Cambarus_bartonii,CAMBARIDAE,REPTANTIA,4,wild capture,1,NA,freshwater,NA,least_concern,MBO,Appalachian brook grayfish,323,"""Cambarus bartonii"" OR ""Cambarus bartonii bartonii "" OR "" Cambarus bartonii cavatus""         ","""Cambarus bartonii"""
Cancer_irroratus,CANCRIDAE,BRACHYURA,8,NA,NA,NA,mar_brack,NA,not_assessed,CRK,Atlantic rock crab,325,"""Cancer irroratus"" OR ""Cancer_sayi""          ","""Cancer irroratus"""
Cancer_pagurus,CANCRIDAE,BRACHYURA,15,lipofuscan age pigment,NA,NA,marine,5,not_assessed,CRE,Edible crab,"5, 6, 7","""Cancer pagurus"" OR ""Cancer fimbriatus"" OR "" Cancer incisocrenatus "" OR "" Cancer luederwaldti""        ","""Cancer pagurus"""
Cancer_productus,CANCRIDAE,BRACHYURA,5,"growth models, mark recapture",NA,NA,marine,NA,not_assessed,ROC,Pacific rock crab,327,"""Cancer productus"" OR ""Cancer brewerii "" OR "" Cancer perlatus""         ","""Cancer productus"""
Carcinus_aestuarii,PORTUNIDAE,BRACHYURA,3,growth model,NA,NA,marine,NA,not_assessed,CMR,Mediterranean shore crab,299,"""Carcinus aestuarii"" OR ""Carcinus mediterraneus "" OR "" Portunus menoides""         ","""Carcinus aestuarii"""
Carcinus_maenas,PORTUNIDAE,BRACHYURA,6,reviewed data,NA,NA,marine,NA,not_assessed,CRG,Green crab,"280, 282","""Carcinus maenas"" OR ""Cancer granarius"" OR "" Cancer granulatus "" OR "" Cancer maenas "" OR "" Cancer pygmeus"" OR "" Cancer rhomboidalis "" OR "" Cancer viridis"" OR "" Megalopa montagui "" OR "" Portunus carcinoides""   ","""Carcinus maenas"""
Cervimunida_johni,GALATHEIDAE,ANOMURA,13,gastric mill,NA,NA,marine,NA,not_assessed,CZJ,Blue squat lobster,"328, 457","""Cervimunida johni""           ","""Cervimunida johni"""
Chaceon_maritae,GERYONIDAE,BRACHYURA,25,"growth model, mark recapture",NA,NA,marine,NA,not_assessed,CGE,West African geryon,"280, 329","""Chaceon maritae"" OR ""Geryon chuni"" OR "" Geryon maritae""         ","""Chaceon maritae"""
Charybdis_bimaculata,PORTUNIDAE,BRACHYURA,1.58,"growth model, reproduction and population data",NA,NA,marine,NA,not_assessed,YFB,Two-spot swimming crab,"279, 280","""Charybdis bimaculata"" OR ""Charybdis subornata"" OR "" Gonioneptunus whiteleggei"" OR "" Goniosoma bimaculata""        ","""Charybdis bimaculata"""
Charybdis_feriata,PORTUNIDAE,BRACHYURA,3.5,growth model,NA,NA,marine,NA,not_assessed,KHF,Crucifix crab,330,"""Charybdis feriata"" OR ""Charybdis feriatus "" OR "" Cancer cruciata"" OR "" Cancer crucifer"" OR "" Cancer feriata"" OR "" Cancer sexdentatus"" OR "" Charybdis cruciata"" OR "" Portunus crucifer""    ","""Charybdis feriata"""
Charybdis_hellerii,PORTUNIDAE,BRACHYURA,3,growth model,NA,NA,marine,NA,not_assessed,YVB,Spiny hands swimming crab,331,"""Charybdis hellerii"" OR ""Charybdis merguiensis"" OR "" Goniosoma hellerii""         ","""Charybdis hellerii"""
Charybdis_japonica,PORTUNIDAE,BRACHYURA,4,NA,NA,NA,marine,NA,not_assessed,YBJ,Japanese swimming crab,279,"""Charybdis japonica"" OR ""Charybdis peitchihiliensis"" OR "" Charybdis sowerbyi"" OR "" Goniosoma japonica""        ","""Charybdis japonica"""
Cherax_destructor,PARASTACIDAE,REPTANTIA,3,NA,NA,NA,freshwater,1,vulnerable,CDT,Yabby crayfish,345,"""Cherax destructor""           ","""Cherax destructor"""
Cherax_quadricarinatus,PARASTACIDAE,REPTANTIA,3.5,"reviewed data, gastric mill",NA,NA,freshwater,10,least_concern,CRP,Red claw crayfish,"280, 289, 332","""Cherax quadricarinatus""           ","""Cherax quadricarinatus"""
Chionoecetes_bairdi,MAJIDAE,BRACHYURA,12,"growth model, reproduction and population data",NA,NA,marine,NA,not_assessed,CVB,Tanner crab,"301, 308","""Chionoecetes bairdi""           ","""Chionoecetes bairdi"""
Chionoecetes_opilio,MAJIDAE,BRACHYURA,7.7,mark recapture,NA,NA,mar_brack,NA,not_assessed,CRQ,Queen crab,"301, 307","""Chionoecetes opilio"" OR ""Cancer opilio"" OR "" Cancer phalangivm"" OR "" Chionoecetes behringianus"" OR "" Chionoecetes chilensis"" OR "" Peloplastus pallasi""      ","""Chionoecetes opilio"""
Crangon_crangon,CRANGONIDAE,NATANTIA,2,unk,NA,NA,marine,NA,not_assessed,CSH,Common shrimp,381,"""Crangon crangon"" OR ""Cancer crangon"" OR "" Cancer schillinus"" OR "" Crangon maculosus"" OR "" Crangon rubro "" OR "" Crangon vulgaris"" OR "" Steiracrangon orientalis""     ","""Crangon crangon"""
Crangon_franciscorum,CRANGONIDAE,NATANTIA,1.5,unk,NA,NA,marine,NA,not_assessed,GQF,California shrimp,382,"""Crangon franciscorum""           ","""Crangon franciscorum"""
Eriocheir_sinensis,GRAPSIDAE,BRACHYURA,5,reviewed data,NA,NA,mar_brack_fw,NA,not_assessed,ERS,Chinese mitten crab,"280, 291","""Eriocheir sinensis"" OR ""Eriocheir sinensis acutifrons"" OR "" Eriocheir sinensis rostrata"" OR "" Eriocheir sinensis rotundifrons "" OR "" Eriocheir sinensis trilobata "" OR "" Grapsus nankin""      ","""Eriocheir sinensis"""
Euastacus_armatus,PARASTACIDAE,REPTANTIA,50,reviewed data,NA,NA,fw_brack,NA,data_deficient,AYA,Australian crayfish,"280, 333","""Euastacus armatus""           ","""Euastacus armatus"""
Exopalaemon_modestus,PALAEMONIDAE,NATANTIA,1.3,growth model,NA,NA,freshwater,NA,least_concern,EXO,Siberian prawn,383,"""Exopalaemon modestus""           ","""Exopalaemon modestus"""
Grapsus_adscensionis,GRAPSIDAE,BRACHYURA,1,laboratory rearing,NA,NA,marine,NA,not_assessed,IFJ,,"301, 334","""Grapsus adscensionis"" OR ""Cancer adscensionis"" OR "" Grapsus adscencionis"" OR "" Grapsus pictus ocellatus "" OR "" Grapsus webbi""       ","""Grapsus adscensionis"""
Haliporoides_sibogae,SOLENOCERIDAE,NATANTIA,4,growth model,NA,NA,marine,NA,not_assessed,JAQ,Jack-knife shrimp,384,"""Haliporoides sibogae"" OR ""Haliporus sibogae"" OR "" Parahaliporus sibogae""         ","""Haliporoides sibogae"""
Hepatus_pudibundus,CALAPPIDAE,BRACHYURA,2.4,growth model,NA,NA,marine,NA,not_assessed,HUY,Flecked box crab,"316, 650, 652","""Hepatus pudibundus"" OR ""Calappa angustata"" OR "" Cancer princeps"" OR "" Cancer pudibundus"" OR "" Hepatus calappoides"" OR "" Hepatus fasciatus"" OR "" Hepatus tuberculatus""     ","""Hepatus pudibundus"""
Heterocarpus_reedi,PANDALIDAE,NATANTIA,6,gastric mill,NA,NA,marine,NA,not_assessed,CHS,Chilean nylon shrimp,328,"""Heterocarpus reedi""           ","""Heterocarpus reedi"""
Homarus_americanus,NEPHROPIDAE,REPTANTIA,50,"growth model, reproduction and population data",9.5,NA,marine,1,least_concern,LBA,American lobster,"336, 337","""Homarus americanus"" OR ""Astacus americanus"" OR "" Homarus mainensis""         ","""Homarus americanus"""
Homarus_gammarus,NEPHROPIDAE,REPTANTIA,72,lipofuscan,NA,NA,marine,NA,least_concern,LBE,European lobster,"8, 280","""Homarus gammarus"" OR ""Astacus europaeus"" OR "" Astacus gammarus"" OR "" Cancer gammarus"" OR "" Homarus marinus"" OR "" Homarus vulgaris""      ","""Homarus gammarus"""
Hyas_coarctatus,OREGONIIDAE,BRACHYURA,2,"laboratory rearing, reproduction and population data",NA,NA,marine,NA,not_assessed,MVH,Arctic lyre crab,"301, 302","""Hyas coarctatus"" OR ""Hyas coarctatus coarctatus"" OR "" Hyas serratus"" OR "" Lissa fissirostra""        ","""Hyas coarctatus"""
Ibacus_peronii,SCYLLARIDAE,REPTANTIA,18,mark recapture,8,NA,marine,NA,least_concern,IBE,Butterfly fan lobster,388,"""Ibacus peronii"" OR ""Ibacus incisus""          ","""Ibacus peronii"""
Jasus_lalandii,PALINURIDAE,REPTANTIA,40,unk,15,NA,marine,NA,least_concern,LBC,Cape rock lobster,"A.C. Cockcroft pers. comm. 2009, Pollock 1986","""Jasus lalandii"" OR ""Palinurus lalandii "" OR "" Palinostus lalandii"" OR "" Palinosytus lalandii""        ","""Jasus lalandii"""
Leptochela_gracilis,PASIPHAEIDAE,NATANTIA,1,growth model,NA,NA,marine,NA,not_assessed,LKG,Lesser glass shrimp,386,"""Leptochela gracilis"" OR ""Leptochela pellucida""          ","""Leptochela gracilis"""
Lithodes_santolla,LITHODIDAE,ANOMURA,14,NA,NA,NA,marine,NA,not_assessed,KCR,Southern king crab,345,"""Lithodes santolla"" OR ""Lithodes antarctica"" OR "" Pseudolithodes zenkevitchi""         ","""Lithodes santolla"""
Macrobrachium_amazonicum,PALAEMONIDAE,NATANTIA,4,growth model,NA,NA,fw_brack,NA,least_concern,MBA,Amazonian river prawn,387,"""Macrobrachium amazonicum""           ","""Macrobrachium amazonicum"""
Macrobrachium_intermedium,PALAEMONIDAE,NATANTIA,2,field survey,NA,NA,fw_brack,NA,not_assessed,BKI,Striped river prawn,388,"""Macrobrachium intermedium"" OR ""Leander intermedius""          ","""Macrobrachium intermedium"""
Macrobrachium_macrobrachion,PALAEMONIDAE,NATANTIA,3,"growth model, captive rearing",NA,NA,fw_brack,NA,least_concern,BKB,Brackish river prawn,389,"""Macrobrachium macrobrachion"" OR ""Palaemon africanus"" OR "" Palemon macrobrachion""         ","""Macrobrachium macrobrachion"""
Macrobrachium_nipponense,PALAEMONIDAE,NATANTIA,3.3,"growth model, captive rearing",NA,NA,fw_brack,NA,least_concern,MNX,Oriental river prawn,390,"""Macrobrachium nipponense""           ","""Macrobrachium nipponense"""
Macrobrachium_raridens,PALAEMONIDAE,NATANTIA,1.1,growth model,NA,NA,fw_brack,NA,data_deficient,BJD,Volta river prawn,391,"""Macrobrachium raridens"" OR ""Palaemon raridens""          ","""Macrobrachium raridens"""
Macrobrachium_vollenhovenii,PALAEMONIDAE,NATANTIA,2.1,growth model,NA,NA,fw_brack,NA,least_concern,BJH,African river prawn,392,"""Macrobrachium vollenhovenii""           ","""Macrobrachium vollenhovenii"""
Maja_squinado,MAJIDAE,BRACHYURA,10,"growth model, reproduction and population data",NA,NA,marine,NA,not_assessed,SCR,Spinous spider crab,"301, 340","""Maja squinado"" OR ""Cancer cornutus"" OR "" Cancer squinado"" OR "" Maja tuberculata""        ","""Maja squinado"""
Menippe_mercenaria,XANTHIDAE,BRACHYURA,8,growth model,NA,NA,marine,NA,not_assessed,STC,Black stone crab,341,"""Menippe mercenaria"" OR ""Cancer mercenaria"" OR "" Pseudocarcinus ocellatus""         ","""Menippe mercenaria"""
Metacarcinus_magister,CANCRIDAE,BRACHYURA,8,NA,NA,NA,marine,NA,not_assessed,DUN,Dungeness crab,326,"""Metacarcinus magister"" OR ""Cancer_magister""          ","""Metacarcinus magister"""
Metanephrops_australiensis,NEPHROPIDAE,REPTANTIA,12,growth model,4,NA,marine,NA,least_concern,MFL,Northwest lobster,342,"""Metanephrops australiensis"" OR ""Nephrops australiensis""          ","""Metanephrops australiensis"""
Metanephrops_boschmai,NEPHROPIDAE,REPTANTIA,12,growth model,4,NA,marine,NA,least_concern,MFO,Bight lobster,342,"""Metanephrops boschmai"" OR ""Nephrops boschmai""          ","""Metanephrops boschmai"""
Metanephrops_challengeri,NEPHROPIDAE,REPTANTIA,15,growth model,5.5,NA,marine,NA,least_concern,MEC,New Zealand lobster,343,"""Metanephrops challengeri"" OR ""Nephrops challengeri""          ","""Metanephrops challengeri"""
Metanephrops_velutinus,NEPHROPIDAE,REPTANTIA,12,growth model,NA,NA,marine,NA,least_concern,MFV,Velvet lobster,344,"""Metanephrops velutinus"" OR ""Metanephrops andamanicus""          ","""Metanephrops velutinus"""
Metapenaeopsis_barbata,PENAEIDAE,NATANTIA,2,"growth model, reproduction and population data",NA,NA,marine,NA,not_assessed,MJB,Whiskered velvet shrimp,393,"""Metapenaeopsis barbata"" OR ""Parapenaeus akayebi"" OR "" Penaeus barbatus""         ","""Metapenaeopsis barbata"""
Metapenaeus_affinis,PENAEIDAE,NATANTIA,1.4,growth model,NA,NA,mar_brack_fw,NA,not_assessed,MTJ,Jinga shrimp,394,"""Metapenaeus affinis"" OR ""Hymenopenaeus affinis "" OR "" Metapenaeus ivanovi"" OR "" Metapenaeus mutatus"" OR "" Metapenaeus necopinans"" OR "" Penaeus affinis"" OR "" Penaeus mutatis""     ","""Metapenaeus affinis"""
Metapenaeus_dobsoni,PENAEIDAE,NATANTIA,1.8,growth model,NA,NA,mar_brack,NA,not_assessed,MPD,Kadal shrimp,395,"""Metapenaeus dobsoni"" OR ""Penaeus dobsoni""          ","""Metapenaeus dobsoni"""
Metapenaeus_ensis,PENAEIDAE,NATANTIA,2,growth model,NA,NA,marine,NA,not_assessed,MPE,Greasyback shrimp,396,"""Metapenaeus ensis"" OR ""Metapenaeus mastersii"" OR "" Metapenaeus philippinensis"" OR "" Penaeus incisipes"" OR "" Penaeus mastersii"" OR "" Penoeus ensis""      ","""Metapenaeus ensis"""
Metapenaeus_joyneri,PENAEIDAE,NATANTIA,1,growth model,NA,NA,marine,NA,not_assessed,SHI,Shiba shrimp,397,"""Metapenaeus joyneri""           ","""Metapenaeus joyneri"""
Metapenaeus_monoceros,PENAEIDAE,NATANTIA,3,growth model,NA,NA,marine,NA,not_assessed,MPN,Speckled shrimp,398,"""Metapenaeus monoceros"" OR ""Metapenaeus cognatus"" OR "" Metapenaeus deschampsi"" OR "" Penaeopsis spinulicauda"" OR "" Penaeus monoceros""       ","""Metapenaeus monoceros"""
Metapenaeus_stebbingi,PENAEIDAE,NATANTIA,1,growth model,NA,NA,marine,NA,not_assessed,MNG,Peregrine shrimp,399,"""Metapenaeus stebbingi""           ","""Metapenaeus stebbingi"""
Munida_gregaria,GALATHEIDAE,ANOMURA,5,laboratory rearing,NA,NA,marine,NA,not_assessed,UDQ,Swarming squat lobster,345,"""Munida gregaria"" OR ""Galathea gregaria"" OR "" Galathea subrugosa "" OR "" Grimothea gregaria"" OR "" Grimothea novae zealandiae "" OR "" Munida australiensis"" OR "" Munida subrugosa"" OR "" Munida subrugosa australiensis""    ","""Munida gregaria"""
Necora_puber,PORTUNIDAE,BRACHYURA,5.6,growth model,NA,NA,marine,NA,not_assessed,LIO,Velvet swimcrab,271,"""Necora puber"" OR ""Macropipus puber "" OR "" Liocarcinus puber "" OR "" Cancer puber"" OR "" Cancer velutinus"" OR "" Polybius puber""      ","""Necora puber"""
Nematopalaemon_hastatus,PALAEMONIDAE,NATANTIA,2.73,growth model,NA,NA,mar_brack,NA,not_assessed,NLH,West African estuarine prawn,405,"""Nematopalaemon hastatus"" OR ""Palaemon hastatus""          ","""Nematopalaemon hastatus"""
Neotrypaea_californiensis,CALLIANASSIDAE,REPTANTIA,10,lipofuscan age pigment,NA,NA,marine,NA,not_assessed,ISF,Bay ghost shrimp,317,"""Neotrypaea californiensis"" OR ""Callianassa californiensis "" OR "" Callianassa occidentalis""         ","""Neotrypaea californiensis"""
Nephrops_norvegicus,NEPHROPIDAE,REPTANTIA,15,reviewed data,2.5,NA,marine,NA,least_concern,NEP,Norway lobster,"280, 285","""Nephrops norvegicus"" OR ""Cancer norvegicus""          ","""Nephrops norvegicus"""
Notocrangon_antarcticus,CRANGONIDAE,NATANTIA,10,lipofuscin,NA,NA,marine,NA,not_assessed,NCM,,"406, 407","""Notocrangon antarcticus"" OR ""Crangon antarcticus""          ","""Notocrangon antarcticus"""
Orconectes_immunis,CAMBARIDAE,REPTANTIA,2.52,growth model,1.5,NA,freshwater,NA,least_concern,OKI,Calico crayfish,NA,"""Orconectes immunis""           ","""Orconectes immunis"""
Orconectes_limosus,CAMBARIDAE,REPTANTIA,4,NA,NA,NA,freshwater,NA,least_concern,ORL,Spinycheek crayfish,"345, 346","""Orconectes limosus""           ","""Orconectes limosus"""
Orconectes_nais,CAMBARIDAE,REPTANTIA,2,laboratory rearing,NA,NA,freshwater,NA,least_concern,OKN,,347,"""Orconectes nais""           ","""Orconectes nais"""
Orconectes_propinquus,CAMBARIDAE,REPTANTIA,2,unknown,NA,NA,freshwater,NA,least_concern,OKO,Northern clearwater crayfish,348,"""Orconectes propinquus""           ","""Orconectes propinquus"""
Orconectes_rusticus,CAMBARIDAE,REPTANTIA,3,NA,NA,NA,freshwater,NA,least_concern,OKR,Rusty crayfish,349,"""Orconectes rusticus""           ","""Orconectes rusticus"""
Orconectes_virilis,CAMBARIDAE,REPTANTIA,1.5,NA,NA,NA,freshwater,NA,least_concern,OKV,Virile crayfish,345,"""Orconectes virilis""           ","""Orconectes virilis"""
Ovalipes_punctatus,PORTUNIDAE,BRACHYURA,2.5,unknown,NA,NA,marine,NA,not_assessed,OVP,Sand crab,350,"""Ovalipes punctatus"" OR ""Corystes punctatus "" OR "" Platyonichus bipustulatus""         ","""Ovalipes punctatus"""
Pachygrapsus_marmoratus,GRAPSIDAE,BRACHYURA,4,growth model,NA,NA,marine,NA,not_assessed,YGM,Marbled rock crab,351,"""Pachygrapsus marmoratus"" OR ""Cancer femoralis"" OR "" Cancer marmoratus"" OR "" Grapsus savignyi"" OR "" Grapsus varius"" OR "" Leptograpsus bertheloti"" OR "" Pachygrapsus pubescens""     ","""Pachygrapsus marmoratus"""
Pacifastacus_leniusculus,ASTACIDAE,REPTANTIA,16.7,"growth model, reproduction and population data, lipofuscan",NA,NA,fw_brack,NA,least_concern,PCL,Signal crayfish,"280, 294","""Pacifastacus leniusculus""           ","""Pacifastacus leniusculus"""
Palaemon_adspersus,PALAEMONIDAE,NATANTIA,3.07,growth model,NA,NA,marine,NA,not_assessed,PAA,Baltic prawn,408,"""Palaemon adspersus"" OR ""Cancer squilla"" OR "" Leander adspersus"" OR "" Leander brandti"" OR "" Leander rectirostris"" OR "" Palaemon communis"" OR "" Palaemon fabricii"" OR "" Palaemon foliirostris"" OR "" Palaemon imbellis"" OR "" Palaemon rectirostris"" OR "" Palaemon leachii"" OR "" Palaemon squilla""","""Palaemon adspersus"""
Palaemon_gravieri,PALAEMONIDAE,NATANTIA,1.75,growth model,NA,NA,marine,NA,not_assessed,PVK,Chinese ditch prawn,409,"""Palaemon gravieri"" OR ""Leander gravieri""          ","""Palaemon gravieri"""
Palaemon_macrodactylus,PALAEMONIDAE,NATANTIA,2,unk,NA,NA,mar_brack,NA,not_assessed,PMZ,Migrant prawn,410,"""Palaemon macrodactylus""           ","""Palaemon macrodactylus"""
Palaemon_pacificus,PALAEMONIDAE,NATANTIA,1.25,growth model,NA,NA,marine,NA,not_assessed,OUI,Indian bait prawn,411,"""Palaemon pacificus"" OR ""Leander okiensis"" OR "" Leander pacificus""         ","""Palaemon pacificus"""
Palaemon_paucidens,PALAEMONIDAE,NATANTIA,1.2,growth model,NA,NA,marine,NA,not_assessed,PMW,Lake prawn,412,"""Palaemon paucidens""           ","""Palaemon paucidens"""
Palaemon_serrifer,PALAEMONIDAE,NATANTIA,1.33,NA,NA,NA,marine,NA,not_assessed,OSK,Carpenter prawn,411,"""Palaemon serrifer"" OR ""Leander fagei"" OR "" Leander serrifer""         ","""Palaemon serrifer"""
Palaemon_xiphias,PALAEMONIDAE,NATANTIA,1.42,NA,NA,NA,marine,NA,not_assessed,OXH,Posidonia prawn,413,"""Palaemon xiphias"" OR ""Leander xiphias"" OR "" Palaemon crenulatus"" OR "" Palaemon sogiontii"" OR "" Palemon trisetaceus"" OR "" Palemon xiphias""      ","""Palaemon xiphias"""
Palaemonetes_paludosus,PALAEMONIDAE,NATANTIA,1,field survey,NA,NA,mar_brack_fw,NA,least_concern,MPQ,Eastern grass shrimp,414,"""Palaemonetes paludosus""           ","""Palaemonetes paludosus"""
Palinurus_elephas,PALINURIDAE,REPTANTIA,25,growth model,9,NA,marine,NA,vulnerable,SLO,Common spiny lobster,"352, 353","""Palinurus elephas"" OR ""Astacus elephas""          ","""Palinurus elephas"""
Palinurus_gilchristi,PALINURIDAE,REPTANTIA,30,unknown,12.5,NA,marine,NA,least_concern,SLS,Southern spiny lobster,354,"""Palinurus gilchristi""           ","""Palinurus gilchristi"""
Pandalopsis_dispar,PANDALIDAE,NATANTIA,9,NA,NA,NA,marine,NA,not_assessed,NDD,Sidestripe shrimp,415,"""Pandalopsis dispar""           ","""Pandalopsis dispar"""
Pandalus_borealis,PANDALIDAE,NATANTIA,11,"growth model, reproduction and population data",NA,NA,mar_brack,NA,not_assessed,PRA,Northern prawn,"280, 284","""Pandalus borealis"" OR ""Dymas typus"" OR "" Pandalus borealis "" OR "" Pandalus edinticulatus""        ","""Pandalus borealis"""
Pandalus_hypsinotus,PANDALIDAE,NATANTIA,7,NA,NA,NA,marine,NA,not_assessed,PYX,Coonstripe shrimp,416,"""Pandalus hypsinotus""           ","""Pandalus hypsinotus"""
Pandalus_montagui,PANDALIDAE,NATANTIA,4,growth model,NA,NA,marine,NA,not_assessed,AES,Aesop shrimp,417,"""Pandalus montagui"" OR ""Astacus maculatus"" OR "" Boreocaris mobiusi"" OR "" Pandalus annulicornis"" OR "" Pandalus leptorhynchus"" OR "" Pandalus levigatus""      ","""Pandalus montagui"""
Panulirus_argus,PALINURIDAE,REPTANTIA,30,"growth model, lipofuscan",10,NA,marine,NA,data_deficient,SLC,Caribbean spiny lobster,"280, 286, 287","""Panulirus argus"" OR ""Palinurus americanus"" OR "" Palinurus argus"" OR "" Palinurus ricordi""        ","""Panulirus argus"""
Panulirus_cygnus,PALINURIDAE,REPTANTIA,27,unknown,10,NA,marine,NA,least_concern,LOA,Australian spiny lobster,357,"""Panulirus cygnus"" OR ""Panulirus longipes cygnus""          ","""Panulirus cygnus"""
Panulirus_interruptus,PALINURIDAE,REPTANTIA,25,growth model,NA,NA,marine,NA,least_concern,NUT,Mexican spiny loster,358,"""Panulirus interruptus"" OR ""Palinurus interruptus""          ","""Panulirus interruptus"""
Panulirus_penicillatus,PALINURIDAE,REPTANTIA,14,illiad,7,NA,marine,NA,least_concern,NUP,Pronghorn spiny lobster,359,"""Panulirus penicillatus"" OR ""Astacus penicillatus""          ","""Panulirus penicillatus"""
Panulirus_polyphagus,PALINURIDAE,REPTANTIA,10,growth model,NA,NA,marine,NA,least_concern,LMS,Mud spiny lobster,360,"""Panulirus polyphagus"" OR ""Cancer polyphagus"" OR "" Palinurus fasciatus"" OR "" Panulirus fasciatus"" OR "" Panulirus orientalis""       ","""Panulirus polyphagus"""
Paralithodes_camtschaticus,LITHODIDAE,ANOMURA,23,unknown,NA,NA,marine,NA,not_assessed,KCD,Red king crab,361,"""Paralithodes camtschaticus"" OR ""Lithodes japonicus"" OR "" Lithodes spinosissimus"" OR "" Maja camtschatica"" OR "" Paralithodes camtschatica"" OR "" Paralithodes rostrofalcatus""      ","""Paralithodes camtschaticus"""
Paralithodes_platypus,LITHODIDAE,ANOMURA,21,laboratory rearing,NA,NA,marine,NA,not_assessed,KCI,Blue king crab,"362, 676","""Paralithodes platypus""           ","""Paralithodes platypus"""
Paranephrops_planifrons,PARASTACIDAE,REPTANTIA,5.5,growth model,NA,NA,freshwater,NA,least_concern,NFF,Koura crayfish,363,"""Paranephrops planifrons""           ","""Paranephrops planifrons"""
Parapenaeopsis_hardwickii,PENAEIDAE,NATANTIA,2.74,growth model,NA,NA,marine,NA,not_assessed,NAW,Spear shrimp,419,"""Parapenaeopsis hardwickii"" OR ""Parapenaeopsis cultirostris""          ","""Parapenaeopsis hardwickii"""
Parapenaeopsis_stylifera,PENAEIDAE,NATANTIA,2,growth model,NA,NA,marine,NA,not_assessed,NAY,Kiddi shrimp,420,"""Parapenaeopsis stylifera"" OR ""Penaeus stylifera""          ","""Parapenaeopsis stylifera"""
Parapenaeopsis_tenella,PENAEIDAE,NATANTIA,1.25,Parapenaeopsis tenella,NA,NA,marine,NA,not_assessed,NIT,Smoothshell shrimp,421,"""Parapenaeopsis tenella""           ","""Parapenaeopsis tenella"""
Parapenaeus_longirostris,PENAEIDAE,NATANTIA,9,growth model,NA,NA,marine,NA,not_assessed,DPS,Deep-water rose shrimp,422,"""Parapenaeus longirostris"" OR ""Penaeus bocagei"" OR "" Penaeus lividus"" OR "" Penaeus longirostris"" OR "" Peneus cocco""       ","""Parapenaeus longirostris"""
Penaeus_aztecus,PENAEIDAE,NATANTIA,2.25,unk,NA,NA,marine,NA,not_assessed,ABS,Northern brown shrimp,423,"""Penaeus aztecus"" OR ""Farfantepenaeus aztecus""          ","""Penaeus aztecus"""
Penaeus_brasiliensis,PENAEIDAE,NATANTIA,2,growth model,NA,NA,marine,NA,not_assessed,PNB,Redspotted shrimp,424,"""Penaeus brasiliensis"" OR ""Farfantepenaeus brasiliensis""          ","""Penaeus brasiliensis"""
Penaeus_californiensis,PENAEIDAE,NATANTIA,1.55,growth model,NA,NA,marine,NA,not_assessed,YPS,Yellowleg shrimp,425,"""Penaeus californiensis"" OR ""Farfantepenaeus californiensis""          ","""Penaeus californiensis"""
Penaeus_duorarum,PENAEIDAE,NATANTIA,1.64,growth model,NA,NA,marine,NA,not_assessed,APS,Northern pink shrimp,426,"""Penaeus duorarum"" OR ""Farfantepenaeus duorarum""          ","""Penaeus duorarum"""
Penaeus_indicus,PENAEIDAE,NATANTIA,1,unk,NA,NA,mar_brack,NA,not_assessed,PNI,Indian white prawn,401,"""Penaeus indicus"" OR ""Fenneropenaeus indicus"" OR "" Palaemon longicornis"" OR "" Penaeus indicus""        ","""Penaeus indicus"""
Penaeus_japonicus,PENAEIDAE,NATANTIA,1.5,unk,NA,NA,marine,NA,not_assessed,KUP,Kuruma prawn,403,"""Penaeus japonicus"" OR ""Marsupenaeus japonicas "" OR "" Penaeus canaliculatus""         ","""Penaeus japonicus"""
Penaeus_kerathurus,PENAEIDAE,NATANTIA,2.6,growth model,NA,NA,marine,NA,not_assessed,TGS,Caramote prawn,427,"""Penaeus kerathurus"" OR ""Alpheus caramote"" OR "" Alpheus punctulatus"" OR "" Alpheus trisulcatus"" OR "" Cancer kerathurus"" OR "" Melicertus kerathurus"" OR "" Melicertus tigrinus"" OR "" Palaemon sulcatus"" OR "" Penaeus trisulcatus "" OR "" Peneus cristatus"" OR "" Peneus mars"" ","""Penaeus kerathurus"""
Penaeus_latisulcatus,PENAEIDAE,NATANTIA,1.25,NA,NA,NA,marine,NA,not_assessed,WKP,Western king prawn,404,"""Penaeus latisulcatus"" OR ""Melicertus latisulcatus""          ","""Penaeus latisulcatus"""
Penaeus_longistylus,PENAEIDAE,NATANTIA,1,growth model,NA,NA,marine,NA,not_assessed,ELY,Red-spot king prawn,402,"""Penaeus longistylus"" OR ""Melicertus longistylus"" OR "" Penaeus caesius"" OR "" Penaeus jejunus""        ","""Penaeus longistylus"""
Penaeus_merguiensis,PENAEIDAE,NATANTIA,2,growth model,NA,NA,brackish,NA,not_assessed,PBA,Banana prawn,428,"""Penaeus merguiensis"" OR ""Fenneropenaeus merguiensis""          ","""Penaeus merguiensis"""
Penaeus_monodon,PENAEIDAE,NATANTIA,2,unk,NA,NA,marine,NA,not_assessed,GIT,Giant tiger prawn,429,"""Penaeus monodon"" OR ""Penaeus bubulus"" OR "" Penaeus carinatus"" OR "" Penaeus coeruleus"" OR "" Penaeus durbani"" OR "" Penaeus semisulcatus "" OR "" Penaeus tahitensis""     ","""Penaeus monodon"""
Penaeus_notialis,PENAEIDAE,NATANTIA,0.96,unk,NA,NA,marine,NA,not_assessed,SOP,Southern pink shrimp,400,"""Penaeus notialis"" OR ""Farfantepenaeus notialis""          ","""Penaeus notialis"""
Penaeus_paulensis,PENAEIDAE,NATANTIA,2,growth model,NA,NA,marine,NA,not_assessed,PPS,Sao Paulo shrimp,424,"""Penaeus paulensis"" OR ""Farfantepenaeus paulensis""          ","""Penaeus paulensis"""
Penaeus_semisulcatus,PENAEIDAE,NATANTIA,2,mark recapture,NA,NA,marine,NA,not_assessed,TIP,Green tiger prawn,206,"""Penaeus semisulcatus"" OR ""Penaeus ashiaka"" OR "" Penaeus manilensis""         ","""Penaeus semisulcatus"""
Penaeus_setiferus,PENAEIDAE,NATANTIA,1.33,field survey,NA,NA,mar_brack,NA,not_assessed,PST,Northern white shrimp,431,"""Penaeus setiferus"" OR ""Cancer setiferus"" OR "" Litopenaeus setiferus"" OR "" Paeneus orbignyanus"" OR "" Penaeus fluviatilis"" OR "" Penaeus gracilirostris""      ","""Penaeus setiferus"""
Penaeus_stylirostris,PENAEIDAE,NATANTIA,1.7,"growth model, reproduction and population data",NA,NA,mar_brack,NA,not_assessed,PNS,Blue shrimp,"280, 281","""Penaeus stylirostris"" OR ""Litopenaeus stylirostris""          ","""Penaeus stylirostris"""
Penaeus_subtilis,PENAEIDAE,NATANTIA,2.2,growth model,NA,NA,marine,NA,not_assessed,PNU,Southern brown shrimp,432,"""Penaeus subtilis"" OR ""Farfantepenaeus subtilis""          ","""Penaeus subtilis"""
Penaeus_vannamei,PENAEIDAE,NATANTIA,1,growth model,NA,NA,mar_brack,NA,not_assessed,PNV,Whiteleg shrimp,425,"""Penaeus vannamei"" OR ""Litopenaeus vannamei""          ","""Penaeus vannamei"""
Plagusia_depressa,PLAGUSIIDAE,BRACHYURA,3,growth model,NA,NA,mar_ter,NA,not_assessed,UIS,Tidal spray crab,364,"""Plagusia depressa"" OR ""Cancer depressa"" OR "" Plagusia depressa depressa"" OR "" Plagusia gracilis"" OR "" Plagusia sayi""       ","""Plagusia depressa"""
Pleoticus_muelleri,SOLENOCERIDAE,NATANTIA,2.15,growth model,NA,NA,marine,NA,not_assessed,LAA,Argentine red shrimp,433,"""Pleoticus muelleri"" OR ""Parartemesia carinata"" OR "" Philonicus mulleri""         ","""Pleoticus muelleri"""
Plesionika_edwardsii,PANDALIDAE,NATANTIA,3.5,growth model,NA,NA,marine,NA,not_assessed,LKW,Striped soldier shrimp,434,"""Plesionika edwardsii"" OR ""Pandalus longirostris"" OR "" Pandalus edwardsii"" OR "" Pandalus guerinii"" OR "" Plesionika longirostris""       ","""Plesionika edwardsii"""
Plesionika_narval,PANDALIDAE,NATANTIA,6.97,growth model,NA,NA,marine,NA,not_assessed,PVJ,Narwal shrimp,418,"""Plesionika narval"" OR ""Astacus narual"" OR "" Nisea formosa"" OR "" Palaemon tarentinum"" OR "" Palemon pristis"" OR "" Pandalus escatilis"" OR "" Pandalus stylopus"" OR "" Parapandalus narval""    ","""Plesionika narval"""
Pleuroncodes_monodon,GALATHEIDAE,ANOMURA,5,gastric mill,NA,NA,marine,NA,not_assessed,PQG,Carrot squat lobster,328,"""Pleuroncodes monodon"" OR ""Galathea monodon"" OR "" Grimothea duperreii"" OR "" Munida cokeri""        ","""Pleuroncodes monodon"""
Pontastacus_leptodactylus,ASTACIDAE,REPTANTIA,7.4,"growth model, reproduction and population data",NA,NA,fw_brack,NA,least_concern,CRD,Danube crayfish,314,"""Pontastacus leptodactylus"" OR ""Astacus leptodactylus "" OR "" Astacus leptodactylus kessleri "" OR "" Astacus leptodactylus eichwaldi""        ","""Pontastacus leptodactylus"""
Portunus_pelagicus,PORTUNIDAE,BRACHYURA,3,"growth model, reproduction and population data",NA,NA,marine,NA,not_assessed,SCD,Blue swimming crab,"301, 304, 345","""Portunus pelagicus"" OR ""Cancer cedonulli"" OR "" Cancer pelagicus"" OR "" Lupa pelagica"" OR "" Neptunus pelagicus"" OR "" Portunus pelagicus sinensis"" OR "" Portunus denticulatus""     ","""Portunus pelagicus"""
Portunus_sanguinolentus,PORTUNIDAE,BRACHYURA,2.5,growth model,NA,NA,marine,NA,not_assessed,UNG,Threespot swimming crab,365,"""Portunus sanguinolentus"" OR ""Cancer raihoae"" OR "" Lupa sanguinolentus""         ","""Portunus sanguinolentus"""
Portunus_trituberculatus,PORTUNIDAE,BRACHYURA,4,NA,NA,NA,marine,NA,not_assessed,GAZ,Gazami crab,279,"""Portunus trituberculatus"" OR ""Neptunus trituberculatus""          ","""Portunus trituberculatus"""
Procambarus_alleni,CAMBARIDAE,REPTANTIA,3,laboratory rearing,NA,NA,freshwater,NA,least_concern,RQA,Florida crayfish,366,"""Procambarus alleni""           ","""Procambarus alleni"""
Procambarus_clarkii,CAMBARIDAE,REPTANTIA,6.5,NA,NA,NA,fw_brack,NA,least_concern,RCW,Red swamp crawfish,345,"""Procambarus clarkii"" OR ""Cambarus clarkii""          ","""Procambarus clarkii"""
Procambarus_fallax,CAMBARIDAE,REPTANTIA,4.4,laboratory rearing,NA,NA,freshwater,NA,least_concern,RKX,,"280, 290","""Procambarus fallax""           ","""Procambarus fallax"""
Rimapenaeus_constrictus,PENAEIDAE,NATANTIA,1.6,growth model,NA,NA,marine,NA,not_assessed,TKN,Roughneck shrimp,439,"""Rimapenaeus constrictus"" OR ""Parapenaeus constrictus"" OR "" Penaeopsis agassizii"" OR "" Penaeus constrictus"" OR "" Trachypenaeus constrictus""       ","""Rimapenaeus constrictus"""
Romaleon_antennarium,CANCRIDAE,BRACHYURA,7,mark recapture,NA,NA,marine,NA,not_assessed,KKN,California red rock crab,324,"""Romaleon antennarium"" OR ""Cancer antennarius "" OR "" Cancer antennarium""         ","""Romaleon antennarium"""
Sagmariasus_verreauxi,PALINURIDAE,REPTANTIA,30,growth model,12,NA,marine,NA,least_concern,LOG,Green rock lobster,339,"""Sagmariasus verreauxi"" OR ""Jasus verreauxi "" OR "" Palinurus verreauxi""         ","""Sagmariasus verreauxi"""
Scylla_olivacea,PORTUNIDAE,BRACHYURA,3.9,growth model,NA,NA,mar_brack,NA,not_assessed,YLW,Orange mud crab,367,"""Scylla olivacea"" OR ""Cancer olivacea""          ","""Scylla olivacea"""
Scylla_serrata,PORTUNIDAE,BRACHYURA,4,growth model,NA,NA,mar_brack,NA,not_assessed,MUD,Indo-Pacific swamp crab,368,"""Scylla serrata"" OR ""Achelous crassimanus"" OR "" Cancer serrata"" OR "" Lupa lobifrons"" OR "" Scylla tranquebarica oceanica""       ","""Scylla serrata"""
Solenocera_acuminata,SOLENOCERIDAE,NATANTIA,2,unk,NA,NA,marine,NA,not_assessed,ONJ,,436,"""Solenocera acuminata""           ","""Solenocera acuminata"""
Solenocera_choprai,SOLENOCERIDAE,NATANTIA,2.5,unk,NA,NA,marine,NA,not_assessed,SKK,Ridgeback shrimp,437,"""Solenocera choprai""           ","""Solenocera choprai"""
Solenocera_melantho,SOLENOCERIDAE,NATANTIA,3,growth model,NA,NA,marine,NA,not_assessed,SQH,Razor mud shrimp,438,"""Solenocera melantho"" OR ""Solenocera prominentis""          ","""Solenocera melantho"""
Thenus_indicus,SCYLLARIDAE,REPTANTIA,4,unknown,NA,NA,marine,NA,data_deficient,TZI,,369,"""Thenus indicus""           ","""Thenus indicus"""
Thenus_orientalis,SCYLLARIDAE,REPTANTIA,8,unknown,NA,NA,marine,NA,least_concern,THQ,Flathead lobster,369,"""Thenus orientalis"" OR ""Sagaritis orientalis"" OR "" Scyllarus orientalis"" OR "" Scyllibacus orientalis""        ","""Thenus orientalis"""
Trachysalambria_curvirostris,PENAEIDAE,NATANTIA,1.5,growth model,NA,NA,marine,NA,not_assessed,TRV,Southern rough shrimp,440,"""Trachysalambria curvirostris"" OR ""Metapenaeus palaestinensis"" OR "" Penaeus curvirostris"" OR "" Trachypenaeus curvirostris""        ","""Trachysalambria curvirostris"""
Ucides_cordatus,OCYPODIDAE,BRACHYURA,17.6,"growth model, reproduction and population data",NA,NA,mar_ter,NA,not_assessed,UCC,Swamp ghost crab,"301, 309","""Ucides cordatus"" OR ""Cancer cordatus"" OR "" Cancer uca"" OR "" Ocypode fossor "" OR "" Uca pilosipes""       ","""Ucides cordatus"""
Ucides_occidentalis,OCYPODIDAE,BRACHYURA,5.2,growth model,NA,NA,marine,NA,not_assessed,UCD,Mangrove ghost crab,370,"""Ucides occidentalis"" OR ""Oedipleura occidentalis""          ","""Ucides occidentalis"""
Upogebia_pusilla,UPOGEBIIDAE,REPTANTIA,4,NA,NA,NA,mar_brack,NA,not_assessed,UPJ,Mediterranean mud shrimp,371,"""Upogebia pusilla"" OR ""Astacus pusillus"" OR "" Gebia lacustris"" OR "" Gebia litoralis"" OR "" Gebia littoralis"" OR "" Gebia venetiarum"" OR "" Gebios littoralis"" OR "" Thalassina littoralis"" OR "" Upogebia litoralis"" OR "" Upogebia littoralis"" OR "" Upogebia pusilla"" ","""Upogebia pusilla"""
Xantho_poressa,XANTHIDAE,BRACHYURA,2,reproduction and population data,NA,NA,marine,NA,not_assessed,JLA,,"301, 372","""Xantho poressa"" OR ""Alpheus tinctor"" OR "" Cancer levifrons"" OR "" Cancer poressa"" OR "" Cancer tinctor"" OR "" Xantho rivulosa"" OR "" Xantho rivulosus""     ","""Xantho poressa"""
Xiphopenaeus_kroyeri,PENAEIDAE,NATANTIA,2.12,growth model,NA,NA,mar_brack,NA,not_assessed,BOB,Atlantic seabob,313,"""Xiphopenaeus kroyeri"" OR ""Penaeus kroyeri"" OR "" Xiphopenaeus hartii""         ","""Xiphopenaeus kroyeri"""