"host_genus_species","family","host_type","longev_max","iucn_gen_length","mig","aq_hab","min_temp","iucn","num_results","path_search_results","depth_min","depth_max","extent_IUCN","aquaculture","capture","production_type","max_size_mm","measurement","inv_in","impact","social_score","fam_soc_score","sp.code","Name_en","ref","search_name"
"Acetes_americanus","sergestidae","Shrimp",0.88,NA,NA,"marine",NA,"not_assessed",5,0,NA,NA,NA,0,0,"neither",40,"",NA,NA,"gregarious","gregarious","EKC","Aviu shrimp","373, 636, , NA, NA, NA, 636","""Acetes americanus"" OR ""Acetes brasiliensis""          "
"Acetes_chinensis","sergestidae","Shrimp",1,NA,NA,"marine",NA,"not_assessed",21,3,NA,NA,NA,0,0,"neither",40,"",NA,NA,"gregarious","gregarious","ESH","Northern mauxia shrimp","377, 636, , NA, NA, NA, 636","""Acetes chinensis""           "
"Acetes_indicus","sergestidae","Shrimp",2.5,NA,NA,"euryhaline",NA,"not_assessed",11,0,NA,NA,NA,0,0,"neither",40,"",NA,NA,"gregarious","gregarious","EKN","Jawla paste shrimp","374, 636, , NA, NA, NA, 636","""Acetes indicus"" OR ""Acetes spiniger""          "
"Acetes_intermedius","sergestidae","Shrimp",1.58,NA,NA,"marine",NA,"not_assessed",13,0,NA,NA,NA,0,0,"neither",40,"",NA,NA,"gregarious","gregarious","EKI","Taiwan mauxia shrimp","376, 636, , NA, NA, NA, 636","""Acetes intermedius""           "
"Acetes_japonicus","sergestidae","Shrimp",2.14,NA,NA,"marine",NA,"not_assessed",16,1,NA,NA,NA,1,1,"both",40,"",NA,NA,"gregarious","gregarious","AKS","Akiami paste shrimp","375, 636, , NA, NA, NA, 636","""Acetes japonicus"" OR ""Acetes cochinensis"" OR "" Acetes dispar""         "
"Achelous_spinimanus","portunidae","Brachyuran crab",3.4,NA,NA,"marine",NA,"not_assessed",23,1,0,159,NA,0,0,"neither",NA,"",NA,NA,"unknown","solitary","RTQ","Blotched swimming crab","278, 637, eol, NA, NA, NA, NA","""Achelous spinimanus"" OR ""Achelous spinimanus smithii"" OR "" Lupa banksii"" OR "" Portunus spinimanus"" OR "" Portunus vossi""       "
"Arenaeus_cribrarius","portunidae","Brachyuran crab",2,NA,NA,"marine",NA,"not_assessed",25,1,NA,NA,NA,0,0,"neither",77,"",NA,NA,"solitary","solitary","RSQ","Speckled swimcrab","30, , NA, 638, NA, 716","""Arenaeus cribrarius"" OR ""Portunus cribrarius"" OR "" Lupa maculata""         "
"Aristaeomorpha_foliacea","aristaeidae","Shrimp",9.5,NA,NA,"marine",NA,"not_assessed",79,1,NA,NA,NA,0,1,"capture",NA,"",NA,NA,"gregarious","gregarious","ARS","Giant red shrimp","378, , NA, NA, NA, 639","""Aristaeomorpha foliacea"" OR ""Aristaeomorpha giglioliana"" OR "" Aristaeomorpha mediterranea"" OR "" Aristaeomorpha rostridentata"" OR "" Aristeomorpha foliacea"" OR "" Aristeus japonicus"" OR "" Aristeus rostridentatus"" OR "" Penaeus foliacea"" OR "" Penaeus meridionalis""   "
"Aristaeopsis_edwardsiana","aristaeidae","Shrimp",2,NA,NA,"marine",NA,"not_assessed",8,0,200,1850,NA,0,1,"capture",NA,"",NA,NA,"repro_aggregate","repro_aggregate","SSH","Scarlet shrimp","435, 730, 730, NA, NA, 730","""Aristaeopsis edwardsiana"" OR ""Aristaeopsis edwardsianus"" OR "" Aristeus coralinus"" OR "" Aristeus splendens"" OR "" Penaeus edwardsianus"" OR "" Plesiopenaeus edwardsianus""      "
"Aristeus_antennatus","aristaeidae","Shrimp",10,NA,NA,"marine",NA,"not_assessed",156,2,414,786,NA,0,1,"capture",66,"",NA,NA,"repro_aggregate","repro_aggregate","ARA","Blue and red shrimp","379, 640, , NA, NA, NA, 730","""Aristeus antennatus"" OR ""Penaeus antemarius"" OR "" Penaeus antennatus"" OR "" Sicyonia duvernoii""        "
"Artemesia_longinaris","penaeidae","Shrimp",1.3,NA,NA,"marine",NA,"not_assessed",54,4,2,125,NA,0,1,"capture",22,"",NA,NA,"unknown","gregarious","ASH","Argentine stiletto shrimp","380, 641, 642, , NA, NA, NA, NA","""Artemesia longinaris""           "
"Astacopsis_gouldi","parastacidae","Lobster/Crayfish",60,14,1.65,"fw",5.2,"endangered",10,0,NA,NA,14221,0,0,"neither",800,"",NA,NA,"solitary","solitary","AIG","Giant tasmanian crayfish","280, 296, , NA, NA, NA, NA","""Astacopsis gouldi""           "
"Astacus_astacus","astacidae","Lobster/Crayfish",10,7.5,NA,"fw",NA,"vulnerable",695,83,NA,NA,NA,1,1,"both",NA,"","EU","High","ontogenetic_gregarious","ontogenetic_gregarious","AAS","Noble crayfish","310, 311, , NA, NA, 521, , NA","""Astacus astacus"" OR ""Astacus fluviatilis "" OR "" Cancer astacus "" OR "" Potamobius fluviatilis balcanicus""        "
"Austropotamobius_pallipes","astacidae","Lobster/Crayfish",17.9,3.5,NA,"fw",NA,"endangered",434,72,NA,NA,NA,0,1,"capture",120,"TL",NA,NA,"ontogenetic_gregarious","ontogenetic_gregarious","AUP","White-clawed crayfish","280, 297, 300, , 731, 731, NA, 732, 733","""Austropotamobius pallipes"" OR ""Astacus fontinalis"" OR "" Astacus pallipes""         "
"Austropotamobius_torrentium","astacidae","Lobster/Crayfish",12,NA,NA,"fw",NA,"data_deficient",115,11,0,3,NA,0,0,"neither",NA,"",NA,NA,"ontogenetic_gregarious","ontogenetic_gregarious","UTT","Stone crayfish","346, , NA, NA, NA, 734","""Austropotamobius torrentium"" OR ""Astacus torrentium "" OR "" Austropotamobius torrentium macedonicus "" OR "" Cancer torrentium""        "
"Birgus_latro","coenobitidae","Anomuran crab",110,NA,NA,"marine",NA,"data_deficient",124,7,NA,NA,NA,0,0,"neither",NA,"",NA,NA,"repro_aggregate","repro_aggregate","BQL","Coconut crab","315, 320, , NA, NA, NA, 663","""Birgus latro"" OR ""Birgus laticauda"" OR "" Cancer latro""         "
"Callichirus_kraussi","callianassidae","Lobster/Crayfish",2,NA,NA,"marine",NA,"not_assessed",31,0,NA,NA,NA,0,0,"neither",NA,"",NA,NA,"gregarious","gregarious","ISK","Pink ghost shrimp","319, , NA, NA, NA, 648","""Callichirus kraussi"" OR ""Callianassa kraussi""          "
"Callinectes_arcuatus","portunidae","Brachyuran crab",4,NA,NA,"marine",NA,"not_assessed",30,1,NA,NA,NA,0,0,"neither",NA,"",NA,NA,"unknown","solitary","KLU","Cuata swimcrab","321, 322, , NA, NA, NA, NA","""Callinectes arcuatus"" OR ""Callinectes dubia"" OR "" Callinectes nitidus "" OR "" Callinectes pleuriticus""        "
"Callinectes_bellicosus","portunidae","Brachyuran crab",4,NA,NA,"marine",NA,"not_assessed",21,0,NA,NA,NA,0,0,"neither",NA,"",NA,NA,"unknown","solitary","KLI","Warrior swimcrab","321, 322, , NA, NA, NA, NA","""Callinectes bellicosus"" OR ""Callinectes ochoterenai""          "
"Callinectes_danae","portunidae","Brachyuran crab",4.6,NA,NA,"euryhaline",NA,"not_assessed",102,3,NA,NA,NA,0,1,"capture",NA,"","Mediterranean; EU","Low/Unk","solitary","solitary","CRZ","Dana swimcrab","163, , NA, NA, 527, 521, , NA","""Callinectes danae"" OR ""Callinectes maracaiboensis""          "
"Callinectes_ornatus","portunidae","Brachyuran crab",5.8,NA,NA,"euryhaline",NA,"not_assessed",49,2,NA,NA,NA,0,0,"neither",NA,"",NA,NA,"unknown","solitary","KLO","Shelling crab","196, , NA, NA, NA, NA","""Callinectes ornatus"" OR ""Callinectes humphreyi""          "
"Callinectes_sapidus","portunidae","Brachyuran crab",8,NA,NA,"euryhaline",NA,"not_assessed",1486,179,NA,NA,NA,1,1,"both",NA,"","Mediterranean; EU","High","solitary","solitary","CRB","Blue crab","280, 283, , NA, NA, 527, 522,  EASIN, , NA","""Callinectes sapidus"" OR ""Callinectes sapidus acutidens"" OR "" Portunus diacantha""         "
"Callinectes_toxotes","portunidae","Brachyuran crab",3.16,NA,NA,"marine",NA,"not_assessed",3,0,NA,NA,NA,0,0,"neither",NA,"",NA,NA,"unknown","solitary","CRC","Giant swimcrab","321, , NA, NA, NA, NA","""Callinectes toxotes"" OR ""Callinectes diacanthus robustus""          "
"Cambarus_bartonii","cambaridae","Lobster/Crayfish",4,1,NA,"fw",NA,"least_concern",21,0,NA,NA,1000000,0,0,"neither",NA,"",NA,NA,"solitary","solitary","MBO","Appalachian brook grayfish","323, , NA, NA, NA, NA","""Cambarus bartonii"" OR ""Cambarus bartonii bartonii "" OR "" Cambarus bartonii cavatus""         "
"Cancer_irroratus","cancridae","Brachyuran crab",8,NA,NA,"euryhaline",NA,"not_assessed",164,14,NA,NA,NA,0,1,"capture",NA,"","EU","Low/Unk","solitary","solitary","CRK","Atlantic rock crab","325, , NA, NA, 521, , 661","""Cancer irroratus"" OR ""Cancer_sayi""          "
"Cancer_pagurus","cancridae","Brachyuran crab",15,NA,NA,"marine",5,"not_assessed",364,57,1,90,NA,0,1,"capture",NA,"",NA,NA,"repro_aggregate","repro_aggregate","CRE","Edible crab","5, 6, 7, , NA, NA, NA, 654","""Cancer pagurus"" OR ""Cancer fimbriatus"" OR "" Cancer incisocrenatus "" OR "" Cancer luederwaldti""        "
"Cancer_productus","cancridae","Brachyuran crab",5,NA,NA,"marine",NA,"not_assessed",52,4,NA,NA,NA,0,1,"capture",NA,"",NA,NA,"unknown","repro_aggregate","ROC","Pacific rock crab","327, , NA, NA, NA, NA","""Cancer productus"" OR ""Cancer brewerii "" OR "" Cancer perlatus""         "
"Carcinus_aestuarii","portunidae","Brachyuran crab",3,NA,NA,"marine",NA,"not_assessed",145,38,NA,NA,NA,1,1,"both",NA,"",NA,NA,"solitary","solitary","CMR","Mediterranean shore crab","299, , NA, NA, NA, NA","""Carcinus aestuarii"" OR ""Carcinus mediterraneus "" OR "" Portunus menoides""         "
"Carcinus_maenas","portunidae","Brachyuran crab",6,NA,NA,"marine",NA,"not_assessed",1831,160,0,NA,NA,1,1,"both",NA,""," Asia; North America;  Australia; South America; Global","High","solitary","solitary","CRG","Green crab","280, 282, , NA, NA, 611, 611, , 661","""Carcinus maenas"" OR ""Cancer granarius"" OR "" Cancer granulatus "" OR "" Cancer maenas "" OR "" Cancer pygmeus"" OR "" Cancer rhomboidalis "" OR "" Cancer viridis"" OR "" Megalopa montagui "" OR "" Portunus carcinoides""   "
"Cervimunida_johni","galatheidae","Anomuran crab",13,NA,NA,"marine",NA,"not_assessed",18,2,100,350,NA,0,1,"capture",NA,"",NA,NA,"unknown","gregarious","CZJ","Blue squat lobster","328, 457, , NA, NA, NA, NA","""Cervimunida johni""           "
"Chaceon_maritae","geryonidae","Brachyuran crab",25,NA,NA,"marine",NA,"not_assessed",15,1,NA,NA,NA,0,1,"capture",NA,"",NA,NA,"gregarious","gregarious","CGE","West African geryon","280, 329, , NA, NA, NA, 670","""Chaceon maritae"" OR ""Geryon chuni"" OR "" Geryon maritae""         "
"Charybdis_bimaculata","portunidae","Brachyuran crab",1.58,NA,NA,"marine",NA,"not_assessed",7,0,NA,NA,NA,0,0,"neither",NA,"",NA,NA,"unknown","solitary","YFB","Two-spot swimming crab","279, 280, , NA, NA, NA, NA","""Charybdis bimaculata"" OR ""Charybdis subornata"" OR "" Gonioneptunus whiteleggei"" OR "" Goniosoma bimaculata""        "
"Charybdis_feriata","portunidae","Brachyuran crab",3.5,NA,NA,"marine",NA,"not_assessed",38,7,NA,45,NA,0,0,"neither",NA,"","Mediterranean; EU","Low/Unk","unknown","solitary","KHF","Crucifix crab","330, 720, NA, NA, 527, 521, , NA","""Charybdis feriata"" OR ""Charybdis feriatus "" OR "" Cancer cruciata"" OR "" Cancer crucifer"" OR "" Cancer feriata"" OR "" Cancer sexdentatus"" OR "" Charybdis cruciata"" OR "" Portunus crucifer""    "
"Charybdis_hellerii","portunidae","Brachyuran crab",3,NA,NA,"marine",NA,"not_assessed",25,1,NA,NA,NA,0,0,"neither",NA,"","Mediterranean; Global","High","solitary","solitary","YVB","Spiny hands swimming crab","331, , NA, NA, 611, 611, 521, , 717","""Charybdis hellerii"" OR ""Charybdis merguiensis"" OR "" Goniosoma hellerii""         "
"Charybdis_japonica","portunidae","Brachyuran crab",4,NA,NA,"marine",NA,"not_assessed",92,13,NA,NA,NA,0,0,"neither",NA,""," Global","High","repro_aggregate","repro_aggregate","YBJ","Japanese swimming crab","279, , NA, NA, 611, 611, 521, , 721","""Charybdis japonica"" OR ""Charybdis peitchihiliensis"" OR "" Charybdis sowerbyi"" OR "" Goniosoma japonica""        "
"Cherax_destructor","parastacidae","Lobster/Crayfish",3,NA,NA,"fw",1,"vulnerable",205,17,NA,NA,NA,1,0,"aquaculture",NA,"","EU","High","ontogenetic_gregarious","ontogenetic_gregarious","CDT","Yabby crayfish","345, , NA, NA, 521, , 703","""Cherax destructor""           "
"Cherax_quadricarinatus","parastacidae","Lobster/Crayfish",3.5,NA,NA,"fw",10,"least_concern",405,93,NA,NA,3500000,1,1,"both",NA,"",NA,NA,"gregarious","gregarious","CRP","Red claw crayfish","280, 289, 332, , NA, NA, NA, 702","""Cherax quadricarinatus""           "
"Chionoecetes_bairdi","majidae","Brachyuran crab",12,NA,NA,"marine",NA,"not_assessed",131,21,NA,NA,NA,0,1,"capture",NA,"",NA,NA,"repro_aggregate","repro_aggregate","CVB","Tanner crab","301, 308, , NA, NA, NA, 677","""Chionoecetes bairdi""           "
"Chionoecetes_opilio","majidae","Brachyuran crab",7.7,NA,NA,"euryhaline",NA,"not_assessed",421,30,60,400,NA,0,1,"capture",160,"","EU","High","repro_aggregate","repro_aggregate","CRQ","Queen crab","301, 307, , NA, NA, 522,  EASIN, , 678","""Chionoecetes opilio"" OR ""Cancer opilio"" OR "" Cancer phalangivm"" OR "" Chionoecetes behringianus"" OR "" Chionoecetes chilensis"" OR "" Peloplastus pallasi""      "
"Crangon_crangon","crangonidae","Shrimp",2,NA,NA,"marine",NA,"not_assessed",438,21,NA,NA,NA,0,1,"capture",NA,"","Iceland","Low/Unk","gregarious","gregarious","CSH","Common shrimp","381, , NA, NA, 522, 665","""Crangon crangon"" OR ""Cancer crangon"" OR "" Cancer schillinus"" OR "" Crangon maculosus"" OR "" Crangon rubro "" OR "" Crangon vulgaris"" OR "" Steiracrangon orientalis""     "
"Crangon_franciscorum","crangonidae","Shrimp",1.5,NA,NA,"marine",NA,"not_assessed",23,2,NA,NA,NA,0,0,"neither",NA,"",NA,NA,"unknown","gregarious","GQF","California shrimp","382, , NA, NA, NA, NA","""Crangon franciscorum""           "
"Eriocheir_sinensis","grapsidae","Brachyuran crab",5,NA,NA,"euryhaline",NA,"not_assessed",1108,232,NA,NA,NA,1,1,"both",NA,"","Western Pacific; Mediterranean; Europe;  North America; Global","High","solitary","solitary","ERS","Chinese mitten crab","280, 291, , NA, NA, 527, 611, 611, 522, 521, 671","""Eriocheir sinensis"" OR ""Eriocheir sinensis acutifrons"" OR "" Eriocheir sinensis rostrata"" OR "" Eriocheir sinensis rotundifrons "" OR "" Eriocheir sinensis trilobata "" OR "" Grapsus nankin""      "
"Euastacus_armatus","parastacidae","Lobster/Crayfish",50,NA,NA,"euryhaline",NA,"data_deficient",18,0,NA,NA,150000,0,1,"capture",NA,"",NA,NA,"solitary","solitary","AYA","Australian crayfish","280, 333, , NA, NA, NA, 703","""Euastacus armatus""           "
"Exopalaemon_modestus","palaemonidae","Shrimp",1.3,NA,NA,"fw",NA,"least_concern",24,1,NA,NA,NA,0,1,"capture",76,"","North America","Low/Unk","unknown","gregarious","EXO","Siberian prawn","383, , NA, 686, 686, , NA","""Exopalaemon modestus""           "
"Grapsus_adscensionis","grapsidae","Brachyuran crab",1,NA,NA,"marine",NA,"not_assessed",7,0,0,NA,NA,0,0,"neither",74,"",NA,NA,"gregarious","gregarious","IFJ","","301, 334, , NA, NA, NA, 334","""Grapsus adscensionis"" OR ""Cancer adscensionis"" OR "" Grapsus adscencionis"" OR "" Grapsus pictus ocellatus "" OR "" Grapsus webbi""       "
"Haliporoides_sibogae","solenoceridae","Shrimp",4,NA,NA,"marine",NA,"not_assessed",10,0,NA,NA,NA,0,1,"capture",46,"CL",NA,NA,"unknown","gregarious","JAQ","Jack-knife shrimp","384, , NA, 724, NA, NA","""Haliporoides sibogae"" OR ""Haliporus sibogae"" OR "" Parahaliporus sibogae""         "
"Hepatus_pudibundus","calappidae","Brachyuran crab",2.4,NA,NA,"marine",NA,"not_assessed",25,0,NA,155,NA,0,0,"neither",83,"",NA,NA,"unknown","solitary","HUY","Flecked box crab","316, 650, 652, , NA, 316, NA, NA","""Hepatus pudibundus"" OR ""Calappa angustata"" OR "" Cancer princeps"" OR "" Cancer pudibundus"" OR "" Hepatus calappoides"" OR "" Hepatus fasciatus"" OR "" Hepatus tuberculatus""     "
"Heterocarpus_reedi","pandalidae","Shrimp",6,NA,NA,"marine",NA,"not_assessed",25,0,NA,NA,NA,0,1,"capture",NA,"",NA,NA,"gregarious","gregarious","CHS","Chilean nylon shrimp","328, , NA, NA, NA, 692","""Heterocarpus reedi""           "
"Homarus_americanus","nephropidae","Lobster/Crayfish",50,9.5,NA,"marine",1,"least_concern",1815,215,1,700,NA,0,1,"capture",NA,"","EU","High","solitary","solitary","LBA","American lobster","336, 337, , NA, NA, 522,  EASIN, , 655","""Homarus americanus"" OR ""Astacus americanus"" OR "" Homarus mainensis""         "
"Homarus_gammarus","nephropidae","Lobster/Crayfish",72,NA,NA,"marine",NA,"least_concern",489,39,NA,NA,NA,0,1,"capture",NA,"",NA,NA,"solitary","solitary","LBE","European lobster","8, 280, , NA, NA, NA, NA","""Homarus gammarus"" OR ""Astacus europaeus"" OR "" Astacus gammarus"" OR "" Cancer gammarus"" OR "" Homarus marinus"" OR "" Homarus vulgaris""      "
"Hyas_coarctatus","oregoniidae","Brachyuran crab",2,NA,NA,"marine",NA,"not_assessed",17,1,NA,NA,NA,0,0,"neither",NA,"",NA,NA,"repro_aggregate","repro_aggregate","MVH","Arctic lyre crab","301, 302, , NA, NA, NA, 685","""Hyas coarctatus"" OR ""Hyas coarctatus coarctatus"" OR "" Hyas serratus"" OR "" Lissa fissirostra""        "
"Ibacus_peronii","scyllaridae","Lobster/Crayfish",18,8,NA,"marine",NA,"least_concern",10,0,4,288,NA,0,0,"neither",NA,"",NA,NA,"solitary","solitary","IBE","Butterfly fan lobster","388, , NA, NA, NA, 338","""Ibacus peronii"" OR ""Ibacus incisus""          "
"Jasus_lalandii","palinuridae","Lobster/Crayfish",40,15,NA,"marine",NA,"least_concern",152,4,5,200,NA,0,1,"capture",NA,"","EU","Low/Unk","gregarious","gregarious","LBC","Cape rock lobster","A.C. Cockcroft pers. comm. 2009, Pollock 1986, , NA, NA, 522, , 681, 697","""Jasus lalandii"" OR ""Palinurus lalandii "" OR "" Palinostus lalandii"" OR "" Palinosytus lalandii""        "
"Leptochela_gracilis","pasiphaeidae","Shrimp",1,NA,NA,"marine",NA,"not_assessed",3,0,30,194,NA,0,0,"neither",9.6,"CL",NA,NA,"unknown","gregarious","LKG","Lesser glass shrimp","386, 705, NA, 705, NA, 704","""Leptochela gracilis"" OR ""Leptochela pellucida""          "
"Lithodes_santolla","lithodidae","Anomuran crab",14,NA,NA,"marine",NA,"not_assessed",59,11,NA,NA,NA,0,1,"capture",NA,"",NA,NA,"ontogenetic_gregarious","ontogenetic_gregarious","KCR","Southern king crab","345, , NA, NA, NA, 674","""Lithodes santolla"" OR ""Lithodes antarctica"" OR "" Pseudolithodes zenkevitchi""         "
"Macrobrachium_amazonicum","palaemonidae","Shrimp",4,NA,NA,"euryhaline",NA,"least_concern",156,13,NA,NA,NA,0,0,"neither",NA,"",NA,NA,"repro_aggregate","repro_aggregate","MBA","Amazonian river prawn","387, , NA, NA, NA, 687","""Macrobrachium amazonicum""           "
"Macrobrachium_intermedium","palaemonidae","Shrimp",2,NA,NA,"euryhaline",NA,"not_assessed",3,0,NA,NA,NA,0,0,"neither",NA,"",NA,NA,"unknown","gregarious","BKI","Striped river prawn","388, , NA, NA, NA, NA","""Macrobrachium intermedium"" OR ""Leander intermedius""          "
"Macrobrachium_macrobrachion","palaemonidae","Shrimp",3,NA,NA,"euryhaline",NA,"least_concern",20,1,NA,NA,NA,0,0,"neither",120,"",NA,NA,"unknown","gregarious","BKB","Brackish river prawn","389, , NA, 688, NA, NA","""Macrobrachium macrobrachion"" OR ""Palaemon africanus"" OR "" Palemon macrobrachion""         "
"Macrobrachium_nipponense","palaemonidae","Shrimp",3.3,NA,NA,"euryhaline",NA,"least_concern",332,49,NA,NA,NA,1,1,"both",80,"","Asia;  Middle East","Low/Unk","unknown","gregarious","MNX","Oriental river prawn","390, , NA, 689, 689, , NA","""Macrobrachium nipponense""           "
"Macrobrachium_raridens","palaemonidae","Shrimp",1.1,NA,NA,"euryhaline",NA,"data_deficient",0,0,NA,NA,NA,0,0,"neither",NA,"",NA,NA,"unknown","gregarious","BJD","Volta river prawn","391, , NA, NA, NA, NA","""Macrobrachium raridens"" OR ""Palaemon raridens""          "
"Macrobrachium_vollenhovenii","palaemonidae","Shrimp",2.1,NA,NA,"euryhaline",NA,"least_concern",43,2,NA,NA,NA,0,0,"neither",190,"",NA,NA,"unknown","gregarious","BJH","African river prawn","392, , NA, 690, NA, NA","""Macrobrachium vollenhovenii""           "
"Maja_squinado","majidae","Brachyuran crab",10,NA,NA,"marine",NA,"not_assessed",77,2,NA,NA,NA,1,1,"both",NA,"",NA,NA,"gregarious","gregarious","SCR","Spinous spider crab","301, 340, , NA, NA, NA, 679","""Maja squinado"" OR ""Cancer cornutus"" OR "" Cancer squinado"" OR "" Maja tuberculata""        "
"Menippe_mercenaria","xanthidae","Brachyuran crab",8,NA,NA,"marine",NA,"not_assessed",97,6,NA,NA,NA,0,1,"capture",NA,"",NA,NA,"solitary","solitary","STC","Black stone crab","341, , NA, NA, NA, NA","""Menippe mercenaria"" OR ""Cancer mercenaria"" OR "" Pseudocarcinus ocellatus""         "
"Metacarcinus_magister","cancridae","Brachyuran crab",8,NA,NA,"marine",NA,"not_assessed",424,31,NA,NA,NA,0,1,"capture",NA,"",NA,NA,"repro_aggregate","repro_aggregate","DUN","Dungeness crab","326, , NA, NA, NA, 653","""Metacarcinus magister"" OR ""Cancer_magister""          "
"Metanephrops_australiensis","nephropidae","Lobster/Crayfish",12,4,NA,"marine",NA,"least_concern",3,0,418,500,NA,0,0,"neither",NA,"",NA,NA,"gregarious","gregarious","MFL","Northwest lobster","342, , NA, NA, NA, 680","""Metanephrops australiensis"" OR ""Nephrops australiensis""          "
"Metanephrops_boschmai","nephropidae","Lobster/Crayfish",12,4,NA,"marine",NA,"least_concern",1,0,230,700,NA,0,0,"neither",NA,"",NA,NA,"gregarious","gregarious","MFO","Bight lobster","342, , NA, NA, NA, 680","""Metanephrops boschmai"" OR ""Nephrops boschmai""          "
"Metanephrops_challengeri","nephropidae","Lobster/Crayfish",15,5.5,NA,"marine",NA,"least_concern",8,1,140,640,NA,0,1,"capture",NA,"",NA,NA,"gregarious","gregarious","MEC","New Zealand lobster","343, , NA, NA, NA, 497","""Metanephrops challengeri"" OR ""Nephrops challengeri""          "
"Metanephrops_velutinus","nephropidae","Lobster/Crayfish",12,NA,NA,"marine",NA,"least_concern",4,0,240,700,NA,0,0,"neither",NA,"",NA,NA,"unknown","solitary","MFV","Velvet lobster","344, , NA, NA, NA, 497","""Metanephrops velutinus"" OR ""Metanephrops andamanicus""          "
"Metapenaeopsis_barbata","penaeidae","Shrimp",2,NA,NA,"marine",NA,"not_assessed",14,0,NA,NA,NA,0,0,"neither",NA,"",NA,NA,"repro_aggregate","repro_aggregate","MJB","Whiskered velvet shrimp","393, , NA, NA, NA, 706","""Metapenaeopsis barbata"" OR ""Parapenaeus akayebi"" OR "" Penaeus barbatus""         "
"Metapenaeus_affinis","penaeidae","Shrimp",1.4,NA,NA,"euryhaline",NA,"not_assessed",56,1,NA,NA,NA,0,0,"neither",65,"TL","EU","Low/Unk","unknown","gregarious","MTJ","Jinga shrimp","394, , 707, 707, 521, , NA","""Metapenaeus affinis"" OR ""Hymenopenaeus affinis "" OR "" Metapenaeus ivanovi"" OR "" Metapenaeus mutatus"" OR "" Metapenaeus necopinans"" OR "" Penaeus affinis"" OR "" Penaeus mutatis""     "
"Metapenaeus_dobsoni","penaeidae","Shrimp",1.8,NA,NA,"euryhaline",NA,"not_assessed",67,2,NA,NA,NA,0,0,"neither",NA,"",NA,NA,"ontogenetic_gregarious","ontogenetic_gregarious","MPD","Kadal shrimp","395, , NA, NA, NA, 708","""Metapenaeus dobsoni"" OR ""Penaeus dobsoni""          "
"Metapenaeus_ensis","penaeidae","Shrimp",2,NA,NA,"marine",NA,"not_assessed",104,10,NA,NA,NA,1,0,"aquaculture",NA,"",NA,NA,"unknown","gregarious","MPE","Greasyback shrimp","396, , NA, NA, NA, NA","""Metapenaeus ensis"" OR ""Metapenaeus mastersii"" OR "" Metapenaeus philippinensis"" OR "" Penaeus incisipes"" OR "" Penaeus mastersii"" OR "" Penoeus ensis""      "
"Metapenaeus_joyneri","penaeidae","Shrimp",1,NA,NA,"marine",NA,"not_assessed",13,2,NA,NA,NA,0,1,"capture",NA,"",NA,NA,"unknown","gregarious","SHI","Shiba shrimp","397, , NA, NA, NA, NA","""Metapenaeus joyneri""           "
"Metapenaeus_monoceros","penaeidae","Shrimp",3,NA,NA,"marine",NA,"not_assessed",165,4,NA,NA,NA,1,1,"both",NA,"","Mediterranean; EU","High","unknown","gregarious","MPN","Speckled shrimp","398, , NA, NA, 527, 521, , NA","""Metapenaeus monoceros"" OR ""Metapenaeus cognatus"" OR "" Metapenaeus deschampsi"" OR "" Penaeopsis spinulicauda"" OR "" Penaeus monoceros""       "
"Metapenaeus_stebbingi","penaeidae","Shrimp",1,NA,NA,"marine",NA,"not_assessed",11,0,NA,NA,NA,0,0,"neither",NA,"","Mediterranean; EU","High","unknown","gregarious","MNG","Peregrine shrimp","399, , NA, NA, 527, 521, , NA","""Metapenaeus stebbingi""           "
"Munida_gregaria","galatheidae","Anomuran crab",5,NA,NA,"marine",NA,"not_assessed",49,1,NA,NA,NA,0,1,"capture",NA,"",NA,NA,"gregarious","gregarious","UDQ","Swarming squat lobster","345, , NA, NA, NA, 668","""Munida gregaria"" OR ""Galathea gregaria"" OR "" Galathea subrugosa "" OR "" Grimothea gregaria"" OR "" Grimothea novae zealandiae "" OR "" Munida australiensis"" OR "" Munida subrugosa"" OR "" Munida subrugosa australiensis""    "
"Necora_puber","portunidae","Brachyuran crab",5.6,NA,NA,"marine",NA,"not_assessed",84,7,NA,NA,NA,0,1,"capture",NA,"","EU","Low/Unk","solitary","solitary","LIO","Velvet swimcrab","271, , NA, NA, 521, , 662","""Necora puber"" OR ""Macropipus puber "" OR "" Liocarcinus puber "" OR "" Cancer puber"" OR "" Cancer velutinus"" OR "" Polybius puber""      "
"Nematopalaemon_hastatus","palaemonidae","Shrimp",2.73,NA,NA,"euryhaline",NA,"not_assessed",6,0,NA,NA,NA,0,1,"capture",NA,"",NA,NA,"unknown","gregarious","NLH","West African estuarine prawn","405, , NA, NA, NA, NA","""Nematopalaemon hastatus"" OR ""Palaemon hastatus""          "
"Neotrypaea_californiensis","callianassidae","Lobster/Crayfish",10,NA,NA,"marine",NA,"not_assessed",48,4,NA,NA,NA,0,0,"neither",NA,"",NA,NA,"gregarious","gregarious","ISF","Bay ghost shrimp","317, , NA, NA, NA, 649","""Neotrypaea californiensis"" OR ""Callianassa californiensis "" OR "" Callianassa occidentalis""         "
"Nephrops_norvegicus","nephropidae","Lobster/Crayfish",15,2.5,NA,"marine",NA,"least_concern",593,58,20,800,NA,0,1,"capture",NA,"",NA,NA,"solitary","solitary","NEP","Norway lobster","280, 285, , NA, NA, NA, 682","""Nephrops norvegicus"" OR ""Cancer norvegicus""          "
"Notocrangon_antarcticus","crangonidae","Shrimp",10,NA,NA,"marine",NA,"not_assessed",4,0,NA,NA,NA,0,0,"neither",NA,"",NA,NA,"gregarious","gregarious","NCM","","406, 407, , NA, NA, NA, 666","""Notocrangon antarcticus"" OR ""Crangon antarcticus""          "
"Orconectes_immunis","cambaridae","Lobster/Crayfish",2.52,1.5,NA,"fw",NA,"least_concern",37,1,NA,NA,6284661,0,0,"neither",NA,"","EU","Low/Unk","solitary","solitary","OKI","Calico crayfish","NA, , NA, NA, 521, , NA","""Orconectes immunis""           "
"Orconectes_limosus","cambaridae","Lobster/Crayfish",4,NA,NA,"fw",NA,"least_concern",343,20,NA,NA,2000000,0,0,"neither",NA,"","EU","High","solitary","solitary","ORL","Spinycheek crayfish","345, 346, , NA, NA, 522,  EASIN, , NA","""Orconectes limosus""           "
"Orconectes_nais","cambaridae","Lobster/Crayfish",2,NA,NA,"fw",NA,"least_concern",15,0,NA,NA,793000,0,0,"neither",NA,"",NA,NA,"solitary","solitary","OKN","","347, , NA, NA, NA, NA","""Orconectes nais""           "
"Orconectes_propinquus","cambaridae","Lobster/Crayfish",2,NA,NA,"fw",NA,"least_concern",53,3,NA,NA,218000000,0,0,"neither",NA,"",NA,NA,"solitary","solitary","OKO","Northern clearwater crayfish","348, , NA, NA, NA, NA","""Orconectes propinquus""           "
"Orconectes_rusticus","cambaridae","Lobster/Crayfish",3,NA,NA,"fw",NA,"least_concern",203,3,NA,NA,604661,0,0,"neither",NA,"","North America; Global","Low/Unk","solitary","solitary","OKR","Rusty crayfish","349, , NA, NA, 611, 611, 521, , NA","""Orconectes rusticus""           "
"Orconectes_virilis","cambaridae","Lobster/Crayfish",1.5,NA,NA,"fw",NA,"least_concern",225,7,NA,NA,11725627,0,0,"neither",NA,"","North America;  Europe; Global","High","unknown","ontogenetic_gregarious","OKV","Virile crayfish","345, , NA, NA, 611, 611, 522, 521, 737","""Orconectes virilis""           "
"Ovalipes_punctatus","portunidae","Brachyuran crab",2.5,NA,NA,"marine",NA,"not_assessed",21,1,NA,NA,NA,0,0,"neither",NA,"",NA,NA,"unknown","solitary","OVP","Sand crab","350, , NA, NA, NA, 661","""Ovalipes punctatus"" OR ""Corystes punctatus "" OR "" Platyonichus bipustulatus""         "
"Pachygrapsus_marmoratus","grapsidae","Brachyuran crab",4,NA,NA,"marine",NA,"not_assessed",161,15,0,NA,NA,0,0,"neither",NA,"",NA,NA,"gregarious","gregarious","YGM","Marbled rock crab","351, , NA, NA, NA, 673","""Pachygrapsus marmoratus"" OR ""Cancer femoralis"" OR "" Cancer marmoratus"" OR "" Grapsus savignyi"" OR "" Grapsus varius"" OR "" Leptograpsus bertheloti"" OR "" Pachygrapsus pubescens""     "
"Pacifastacus_leniusculus","astacidae","Lobster/Crayfish",16.7,NA,NA,"euryhaline",NA,"least_concern",489,82,NA,NA,NA,1,1,"both",NA,"","Europe; Asia; Global","High","ontogenetic_gregarious","ontogenetic_gregarious","PCL","Signal crayfish","280, 294, , NA, NA, 611, 611, 521, , 735, 736","""Pacifastacus leniusculus""           "
"Palaemon_adspersus","palaemonidae","Shrimp",3.07,NA,NA,"marine",NA,"not_assessed",120,5,NA,NA,NA,1,1,"both",NA,"","Canada; Russia","Low/Unk","unknown","gregarious","PAA","Baltic prawn","408, , NA, NA, 522, NA","""Palaemon adspersus"" OR ""Cancer squilla"" OR "" Leander adspersus"" OR "" Leander brandti"" OR "" Leander rectirostris"" OR "" Palaemon communis"" OR "" Palaemon fabricii"" OR "" Palaemon foliirostris"" OR "" Palaemon imbellis"" OR "" Palaemon rectirostris"" OR "" Palaemon leachii"" OR "" Palaemon squilla"""
"Palaemon_gravieri","palaemonidae","Shrimp",1.75,NA,NA,"marine",NA,"not_assessed",10,0,NA,NA,NA,0,0,"neither",NA,"",NA,NA,"unknown","gregarious","PVK","Chinese ditch prawn","409, , 691, NA, NA, NA","""Palaemon gravieri"" OR ""Leander gravieri""          "
"Palaemon_macrodactylus","palaemonidae","Shrimp",2,NA,NA,"euryhaline",NA,"not_assessed",47,3,NA,NA,NA,0,0,"neither",NA,"","EU","High","solitary","solitary","PMZ","Migrant prawn","410, , NA, NA, 522,  EASIN, , 522","""Palaemon macrodactylus""           "
"Palaemon_pacificus","palaemonidae","Shrimp",1.25,NA,NA,"marine",NA,"not_assessed",21,1,NA,NA,NA,0,0,"neither",NA,"",NA,NA,"unknown","gregarious","OUI","Indian bait prawn","411, , NA, NA, NA, NA","""Palaemon pacificus"" OR ""Leander okiensis"" OR "" Leander pacificus""         "
"Palaemon_paucidens","palaemonidae","Shrimp",1.2,NA,NA,"marine",NA,"not_assessed",55,2,NA,NA,NA,0,0,"neither",NA,"",NA,NA,"unknown","gregarious","PMW","Lake prawn","412, , NA, NA, NA, NA","""Palaemon paucidens""           "
"Palaemon_serrifer","palaemonidae","Shrimp",1.33,NA,NA,"marine",NA,"not_assessed",8,1,NA,NA,NA,0,0,"neither",NA,"",NA,NA,"unknown","gregarious","OSK","Carpenter prawn","411, , NA, NA, NA, NA","""Palaemon serrifer"" OR ""Leander fagei"" OR "" Leander serrifer""         "
"Palaemon_xiphias","palaemonidae","Shrimp",1.42,NA,NA,"marine",NA,"not_assessed",6,0,NA,NA,NA,0,0,"neither",NA,"",NA,NA,"unknown","gregarious","OXH","Posidonia prawn","413, , NA, NA, NA, NA","""Palaemon xiphias"" OR ""Leander xiphias"" OR "" Palaemon crenulatus"" OR "" Palaemon sogiontii"" OR "" Palemon trisetaceus"" OR "" Palemon xiphias""      "
"Palaemonetes_paludosus","palaemonidae","Shrimp",1,NA,NA,"euryhaline",NA,"least_concern",22,6,NA,NA,NA,0,0,"neither",NA,"",NA,NA,"unknown","gregarious","MPQ","Eastern grass shrimp","414, , NA, NA, NA, NA","""Palaemonetes paludosus""           "
"Palinurus_elephas","palinuridae","Lobster/Crayfish",25,9,NA,"marine",NA,"vulnerable",90,5,5,260,NA,0,1,"capture",NA,"",NA,NA,"gregarious","gregarious","SLO","Common spiny lobster","352, 353, , NA, NA, NA, 681, 698","""Palinurus elephas"" OR ""Astacus elephas""          "
"Palinurus_gilchristi","palinuridae","Lobster/Crayfish",30,12.5,NA,"marine",NA,"least_concern",14,0,55,360,NA,0,1,"capture",NA,"",NA,NA,"gregarious","gregarious","SLS","Southern spiny lobster","354, , NA, NA, NA, 681","""Palinurus gilchristi""           "
"Pandalopsis_dispar","pandalidae","Shrimp",9,NA,NA,"marine",NA,"not_assessed",7,2,38,649,NA,0,0,"neither",208,"TL",NA,NA,"unknown","gregarious","NDD","Sidestripe shrimp","415, 693, NA, 693, NA, NA","""Pandalopsis dispar""           "
"Pandalus_borealis","pandalidae","Shrimp",11,NA,NA,"euryhaline",NA,"not_assessed",357,26,NA,NA,NA,0,1,"capture",NA,"",NA,NA,"gregarious","gregarious","PRA","Northern prawn","280, 284, , NA, NA, NA, 694","""Pandalus borealis"" OR ""Dymas typus"" OR "" Pandalus borealis "" OR "" Pandalus edinticulatus""        "
"Pandalus_hypsinotus","pandalidae","Shrimp",7,NA,NA,"marine",NA,"not_assessed",20,1,5,460,NA,0,1,"capture",216,"TL",NA,NA,"unknown","gregarious","PYX","Coonstripe shrimp","416, 693, NA, 693, NA, NA","""Pandalus hypsinotus""           "
"Pandalus_montagui","pandalidae","Shrimp",4,NA,NA,"marine",NA,"not_assessed",34,2,NA,NA,NA,0,1,"capture",NA,"",NA,NA,"unknown","gregarious","AES","Aesop shrimp","417, , NA, NA, NA, NA","""Pandalus montagui"" OR ""Astacus maculatus"" OR "" Boreocaris mobiusi"" OR "" Pandalus annulicornis"" OR "" Pandalus leptorhynchus"" OR "" Pandalus levigatus""      "
"Panulirus_argus","palinuridae","Lobster/Crayfish",30,10,NA,"marine",NA,"data_deficient",627,57,1,90,NA,1,1,"both",NA,"",NA,NA,"gregarious","gregarious","SLC","Caribbean spiny lobster","280, 286, 287, , NA, NA, NA, 645, 681","""Panulirus argus"" OR ""Palinurus americanus"" OR "" Palinurus argus"" OR "" Palinurus ricordi""        "
"Panulirus_cygnus","palinuridae","Lobster/Crayfish",27,10,NA,"marine",NA,"least_concern",184,6,1,120,NA,0,1,"capture",NA,"",NA,NA,"gregarious","gregarious","LOA","Australian spiny lobster","357, , NA, NA, NA, 646, 681","""Panulirus cygnus"" OR ""Panulirus longipes cygnus""          "
"Panulirus_interruptus","palinuridae","Lobster/Crayfish",25,NA,NA,"marine",NA,"least_concern",205,3,NA,65,NA,0,0,"neither",NA,"",NA,NA,"gregarious","gregarious","NUT","Mexican spiny loster","358, , NA, NA, NA, 647, 681","""Panulirus interruptus"" OR ""Palinurus interruptus""          "
"Panulirus_penicillatus","palinuridae","Lobster/Crayfish",14,7,NA,"marine",NA,"least_concern",33,1,1,16,NA,0,0,"neither",NA,"",NA,NA,"gregarious","gregarious","NUP","Pronghorn spiny lobster","359, , NA, NA, NA, 681, 699","""Panulirus penicillatus"" OR ""Astacus penicillatus""          "
"Panulirus_polyphagus","palinuridae","Lobster/Crayfish",10,NA,NA,"marine",NA,"least_concern",43,0,3,90,NA,1,0,"aquaculture",NA,"",NA,NA,"gregarious","gregarious","LMS","Mud spiny lobster","360, , NA, NA, NA, 681, 700","""Panulirus polyphagus"" OR ""Cancer polyphagus"" OR "" Palinurus fasciatus"" OR "" Panulirus fasciatus"" OR "" Panulirus orientalis""       "
"Paralithodes_camtschaticus","lithodidae","Anomuran crab",23,NA,NA,"marine",NA,"not_assessed",369,24,NA,NA,NA,0,1,"capture",NA,"","EU","High","gregarious","gregarious","KCD","Red king crab","361, , NA, NA, 522,  EASIN, , 675","""Paralithodes camtschaticus"" OR ""Lithodes japonicus"" OR "" Lithodes spinosissimus"" OR "" Maja camtschatica"" OR "" Paralithodes camtschatica"" OR "" Paralithodes rostrofalcatus""      "
"Paralithodes_platypus","lithodidae","Anomuran crab",21,NA,NA,"marine",NA,"not_assessed",46,10,NA,NA,NA,0,1,"capture",230,"",NA,NA,"gregarious","gregarious","KCI","Blue king crab","362, 676, , NA, NA, NA, 676","""Paralithodes platypus""           "
"Paranephrops_planifrons","parastacidae","Lobster/Crayfish",5.5,NA,NA,"fw",NA,"least_concern",25,2,1,180,45200,0,0,"neither",NA,"",NA,NA,"solitary","solitary","NFF","Koura crayfish","363, , NA, NA, NA, NA","""Paranephrops planifrons""           "
"Parapenaeopsis_hardwickii","penaeidae","Shrimp",2.74,NA,NA,"marine",NA,"not_assessed",37,1,NA,NA,NA,0,0,"neither",NA,"",NA,NA,"unknown","gregarious","NAW","Spear shrimp","419, , NA, NA, NA, NA","""Parapenaeopsis hardwickii"" OR ""Parapenaeopsis cultirostris""          "
"Parapenaeopsis_stylifera","penaeidae","Shrimp",2,NA,NA,"marine",NA,"not_assessed",49,5,NA,NA,NA,0,0,"neither",NA,"",NA,NA,"ontogenetic_gregarious","ontogenetic_gregarious","NAY","Kiddi shrimp","420, , NA, NA, NA, 708","""Parapenaeopsis stylifera"" OR ""Penaeus stylifera""          "
"Parapenaeopsis_tenella","penaeidae","Shrimp",1.25,NA,NA,"marine",NA,"not_assessed",0,0,NA,NA,NA,0,0,"neither",NA,"",NA,NA,"unknown","gregarious","NIT","Smoothshell shrimp","421, , NA, NA, NA, NA","""Parapenaeopsis tenella""           "
"Parapenaeus_longirostris","penaeidae","Shrimp",9,NA,NA,"marine",NA,"not_assessed",158,13,NA,NA,NA,0,1,"capture",NA,"",NA,NA,"gregarious","gregarious","DPS","Deep-water rose shrimp","422, , NA, NA, NA, 709","""Parapenaeus longirostris"" OR ""Penaeus bocagei"" OR "" Penaeus lividus"" OR "" Penaeus longirostris"" OR "" Peneus cocco""       "
"Penaeus_aztecus","penaeidae","Shrimp",2.25,NA,NA,"marine",NA,"not_assessed",255,25,NA,NA,NA,0,1,"capture",NA,"","EU","Low/Unk","gregarious","gregarious","ABS","Northern brown shrimp","423, , NA, NA, 521, , 710","""Penaeus aztecus"" OR ""Farfantepenaeus aztecus""          "
"Penaeus_brasiliensis","penaeidae","Shrimp",2,NA,NA,"marine",NA,"not_assessed",80,10,NA,NA,NA,0,1,"capture",NA,"",NA,NA,"unknown","gregarious","PNB","Redspotted shrimp","424, , NA, NA, NA, NA","""Penaeus brasiliensis"" OR ""Farfantepenaeus brasiliensis""          "
"Penaeus_californiensis","penaeidae","Shrimp",1.55,NA,NA,"marine",NA,"not_assessed",86,7,NA,NA,NA,0,1,"capture",NA,"",NA,NA,"unknown","gregarious","YPS","Yellowleg shrimp","425, , NA, NA, NA, NA","""Penaeus californiensis"" OR ""Farfantepenaeus californiensis""          "
"Penaeus_duorarum","penaeidae","Shrimp",1.64,NA,NA,"marine",NA,"not_assessed",201,23,NA,NA,NA,0,1,"capture",NA,"",NA,NA,"unknown","gregarious","APS","Northern pink shrimp","426, , NA, NA, NA, NA","""Penaeus duorarum"" OR ""Farfantepenaeus duorarum""          "
"Penaeus_indicus","penaeidae","Shrimp",1,NA,NA,"euryhaline",NA,"not_assessed",482,100,NA,NA,NA,1,1,"both",NA,"",NA,NA,"gregarious","gregarious","PNI","Indian white prawn","401, , NA, NA, NA, 712","""Penaeus indicus"" OR ""Fenneropenaeus indicus"" OR "" Palaemon longicornis"" OR "" Penaeus indicus""        "
"Penaeus_japonicus","penaeidae","Shrimp",1.5,NA,NA,"marine",NA,"not_assessed",620,113,NA,NA,NA,1,1,"both",NA,"","EU","High","gregarious","gregarious","KUP","Kuruma prawn","403, , NA, NA, 521, , 715","""Penaeus japonicus"" OR ""Marsupenaeus japonicas "" OR "" Penaeus canaliculatus""         "
"Penaeus_kerathurus","penaeidae","Shrimp",2.6,NA,NA,"marine",NA,"not_assessed",140,5,NA,NA,NA,1,1,"both",NA,"",NA,NA,"unknown","gregarious","TGS","Caramote prawn","427, , NA, NA, NA, NA","""Penaeus kerathurus"" OR ""Alpheus caramote"" OR "" Alpheus punctulatus"" OR "" Alpheus trisulcatus"" OR "" Cancer kerathurus"" OR "" Melicertus kerathurus"" OR "" Melicertus tigrinus"" OR "" Palaemon sulcatus"" OR "" Penaeus trisulcatus "" OR "" Peneus cristatus"" OR "" Peneus mars"" "
"Penaeus_latisulcatus","penaeidae","Shrimp",1.25,NA,NA,"marine",NA,"not_assessed",43,6,NA,NA,NA,0,1,"capture",NA,"",NA,NA,"unknown","gregarious","WKP","Western king prawn","404, , NA, NA, NA, NA","""Penaeus latisulcatus"" OR ""Melicertus latisulcatus""          "
"Penaeus_longistylus","penaeidae","Shrimp",1,NA,NA,"marine",NA,"not_assessed",3,0,NA,NA,NA,0,0,"neither",NA,"",NA,NA,"unknown","gregarious","ELY","Red-spot king prawn","402, , NA, NA, NA, NA","""Penaeus longistylus"" OR ""Melicertus longistylus"" OR "" Penaeus caesius"" OR "" Penaeus jejunus""        "
"Penaeus_merguiensis","penaeidae","Shrimp",2,NA,NA,"euryhaline",NA,"not_assessed",223,47,NA,NA,NA,1,1,"both",NA,"","EU","Low/Unk","gregarious","gregarious","PBA","Banana prawn","428, , NA, NA, 521, , 664","""Penaeus merguiensis"" OR ""Fenneropenaeus merguiensis""          "
"Penaeus_monodon","penaeidae","Shrimp",2,NA,NA,"marine",NA,"not_assessed",2221,861,NA,NA,NA,1,1,"both",NA,"",NA,NA,"repro_aggregate","repro_aggregate","GIT","Giant tiger prawn","429, , NA, NA, NA, 711","""Penaeus monodon"" OR ""Penaeus bubulus"" OR "" Penaeus carinatus"" OR "" Penaeus coeruleus"" OR "" Penaeus durbani"" OR "" Penaeus semisulcatus "" OR "" Penaeus tahitensis""     "
"Penaeus_notialis","penaeidae","Shrimp",0.96,NA,NA,"marine",NA,"not_assessed",59,4,NA,NA,NA,0,1,"capture",NA,"",NA,NA,"unknown","gregarious","SOP","Southern pink shrimp","400, , NA, NA, NA, NA","""Penaeus notialis"" OR ""Farfantepenaeus notialis""          "
"Penaeus_paulensis","penaeidae","Shrimp",2,NA,NA,"marine",NA,"not_assessed",121,8,NA,NA,NA,0,1,"capture",NA,"",NA,NA,"unknown","gregarious","PPS","Sao Paulo shrimp","424, , NA, NA, NA, NA","""Penaeus paulensis"" OR ""Farfantepenaeus paulensis""          "
"Penaeus_semisulcatus","penaeidae","Shrimp",2,NA,NA,"marine",NA,"not_assessed",218,27,NA,NA,NA,1,1,"both",NA,"","Mediterranean; EU","High","gregarious","gregarious","TIP","Green tiger prawn","206, , NA, NA, 527, 521, , 664","""Penaeus semisulcatus"" OR ""Penaeus ashiaka"" OR "" Penaeus manilensis""         "
"Penaeus_setiferus","penaeidae","Shrimp",1.33,NA,NA,"euryhaline",NA,"not_assessed",231,28,NA,NA,NA,1,1,"both",NA,"",NA,NA,"gregarious","gregarious","PST","Northern white shrimp","431, , NA, NA, NA, 713","""Penaeus setiferus"" OR ""Cancer setiferus"" OR "" Litopenaeus setiferus"" OR "" Paeneus orbignyanus"" OR "" Penaeus fluviatilis"" OR "" Penaeus gracilirostris""      "
"Penaeus_stylirostris","penaeidae","Shrimp",1.7,NA,NA,"euryhaline",NA,"not_assessed",204,73,NA,NA,NA,1,1,"both",NA,"","China","Low/Unk","gregarious","gregarious","PNS","Blue shrimp","280, 281, , NA, NA, 522, 522","""Penaeus stylirostris"" OR ""Litopenaeus stylirostris""          "
"Penaeus_subtilis","penaeidae","Shrimp",2.2,NA,NA,"marine",NA,"not_assessed",38,3,NA,NA,NA,0,1,"capture",NA,"","EU","Low/Unk","unknown","gregarious","PNU","Southern brown shrimp","432, , NA, NA, 521, , NA","""Penaeus subtilis"" OR ""Farfantepenaeus subtilis""          "
"Penaeus_vannamei","penaeidae","Shrimp",1,NA,NA,"euryhaline",NA,"not_assessed",3274,1274,NA,NA,NA,1,1,"both",NA,"","China","Low/Unk","gregarious","gregarious","PNV","Whiteleg shrimp","425, , NA, NA, 522, 714","""Penaeus vannamei"" OR ""Litopenaeus vannamei""          "
"Plagusia_depressa","plagusiidae","Brachyuran crab",3,NA,NA,"marine",NA,"not_assessed",13,0,NA,NA,NA,0,0,"neither",NA,"",NA,NA,"solitary","solitary","UIS","Tidal spray crab","364, , NA, NA, NA, NA","""Plagusia depressa"" OR ""Cancer depressa"" OR "" Plagusia depressa depressa"" OR "" Plagusia gracilis"" OR "" Plagusia sayi""       "
"Pleoticus_muelleri","solenoceridae","Shrimp",2.15,NA,NA,"marine",NA,"not_assessed",73,5,NA,NA,NA,0,1,"capture",NA,"",NA,NA,"gregarious","gregarious","LAA","Argentine red shrimp","433, , NA, NA, NA, 725","""Pleoticus muelleri"" OR ""Parartemesia carinata"" OR "" Philonicus mulleri""         "
"Plesionika_edwardsii","pandalidae","Shrimp",3.5,NA,NA,"marine",NA,"not_assessed",13,0,100,650,NA,0,1,"capture",30,"CL",NA,NA,"gregarious","gregarious","LKW","Striped soldier shrimp","434, 695, NA, 695, NA, 695","""Plesionika edwardsii"" OR ""Pandalus longirostris"" OR "" Pandalus edwardsii"" OR "" Pandalus guerinii"" OR "" Plesionika longirostris""       "
"Plesionika_narval","pandalidae","Shrimp",6.97,NA,NA,"marine",NA,"not_assessed",20,0,NA,NA,NA,0,0,"neither",NA,"",NA,NA,"gregarious","gregarious","PVJ","Narwal shrimp","418, , NA, NA, NA, 696","""Plesionika narval"" OR ""Astacus narual"" OR "" Nisea formosa"" OR "" Palaemon tarentinum"" OR "" Palemon pristis"" OR "" Pandalus escatilis"" OR "" Pandalus stylopus"" OR "" Parapandalus narval""    "
"Pleuroncodes_monodon","galatheidae","Anomuran crab",5,NA,NA,"marine",NA,"not_assessed",35,3,NA,NA,NA,0,1,"capture",NA,"",NA,NA,"gregarious","gregarious","PQG","Carrot squat lobster","328, , NA, NA, NA, 669","""Pleuroncodes monodon"" OR ""Galathea monodon"" OR "" Grimothea duperreii"" OR "" Munida cokeri""        "
"Pontastacus_leptodactylus","astacidae","Lobster/Crayfish",7.4,NA,NA,"euryhaline",NA,"least_concern",607,56,NA,NA,NA,1,1,"both",NA,"",NA,NA,"ontogenetic_gregarious","ontogenetic_gregarious","CRD","Danube crayfish","314, , NA, NA, NA, NA","""Pontastacus leptodactylus"" OR ""Astacus leptodactylus "" OR "" Astacus leptodactylus kessleri "" OR "" Astacus leptodactylus eichwaldi""        "
"Portunus_pelagicus","portunidae","Brachyuran crab",3,NA,NA,"marine",NA,"not_assessed",361,49,NA,NA,NA,1,1,"both",NA,"","Mediterranean","High","solitary","solitary","SCD","Blue swimming crab","301, 304, 345, , NA, NA, 527, , 722","""Portunus pelagicus"" OR ""Cancer cedonulli"" OR "" Cancer pelagicus"" OR "" Lupa pelagica"" OR "" Neptunus pelagicus"" OR "" Portunus pelagicus sinensis"" OR "" Portunus denticulatus""     "
"Portunus_sanguinolentus","portunidae","Brachyuran crab",2.5,NA,NA,"marine",NA,"not_assessed",84,5,NA,NA,NA,0,0,"neither",NA,"",NA,NA,"solitary","solitary","UNG","Threespot swimming crab","365, , NA, NA, NA, 718","""Portunus sanguinolentus"" OR ""Cancer raihoae"" OR "" Lupa sanguinolentus""         "
"Portunus_trituberculatus","portunidae","Brachyuran crab",4,NA,NA,"marine",NA,"not_assessed",470,118,NA,NA,NA,1,1,"both",NA,"",NA,NA,"solitary","solitary","GAZ","Gazami crab","279, , NA, NA, NA, 723","""Portunus trituberculatus"" OR ""Neptunus trituberculatus""          "
"Procambarus_alleni","cambaridae","Lobster/Crayfish",3,NA,NA,"fw",NA,"least_concern",10,0,NA,NA,80000,0,0,"neither",NA,"",NA,NA,"solitary","solitary","RQA","Florida crayfish","366, , NA, NA, NA, NA","""Procambarus alleni""           "
"Procambarus_clarkii","cambaridae","Lobster/Crayfish",6.5,NA,NA,"euryhaline",NA,"least_concern",1624,119,NA,NA,NA,1,1,"both",NA,"","Europe;  Asia; Africa; South America; Global","High","ontogenetic_gregarious","ontogenetic_gregarious","RCW","Red swamp crawfish","345, , NA, NA, 611, 611, 521, , 643","""Procambarus clarkii"" OR ""Cambarus clarkii""          "
"Procambarus_fallax","cambaridae","Lobster/Crayfish",4.4,NA,NA,"fw",NA,"least_concern",28,6,NA,NA,87000,0,0,"neither",NA,"","EU","Low/Unk","solitary","solitary","RKX","","280, 290, , NA, NA, 522, , NA","""Procambarus fallax""           "
"Rimapenaeus_constrictus","penaeidae","Shrimp",1.6,NA,NA,"marine",NA,"not_assessed",8,0,NA,NA,NA,0,0,"neither",NA,"",NA,NA,"unknown","gregarious","TKN","Roughneck shrimp","439, , NA, NA, NA, NA","""Rimapenaeus constrictus"" OR ""Parapenaeus constrictus"" OR "" Penaeopsis agassizii"" OR "" Penaeus constrictus"" OR "" Trachypenaeus constrictus""       "
"Romaleon_antennarium","cancridae","Brachyuran crab",7,NA,NA,"marine",NA,"not_assessed",50,1,NA,NA,NA,0,0,"neither",NA,"",NA,NA,"unknown","repro_aggregate","KKN","California red rock crab","324, , NA, NA, NA, NA","""Romaleon antennarium"" OR ""Cancer antennarius "" OR "" Cancer antennarium""         "
"Sagmariasus_verreauxi","palinuridae","Lobster/Crayfish",30,12,NA,"marine",NA,"least_concern",65,4,1,155,NA,0,1,"capture",NA,"",NA,NA,"gregarious","gregarious","LOG","Green rock lobster","339, , NA, 701, NA, 681, 701","""Sagmariasus verreauxi"" OR ""Jasus verreauxi "" OR "" Palinurus verreauxi""         "
"Scylla_olivacea","portunidae","Brachyuran crab",3.9,NA,NA,"euryhaline",NA,"not_assessed",60,4,NA,NA,NA,1,0,"aquaculture",NA,"",NA,NA,"solitary","solitary","YLW","Orange mud crab","367, , NA, NA, NA, 719","""Scylla olivacea"" OR ""Cancer olivacea""          "
"Scylla_serrata","portunidae","Brachyuran crab",4,NA,NA,"euryhaline",NA,"not_assessed",734,102,NA,NA,NA,1,1,"both",NA,"",NA,NA,"solitary","solitary","MUD","Indo-Pacific swamp crab","368, , NA, NA, NA, NA","""Scylla serrata"" OR ""Achelous crassimanus"" OR "" Cancer serrata"" OR "" Lupa lobifrons"" OR "" Scylla tranquebarica oceanica""       "
"Solenocera_acuminata","solenoceridae","Shrimp",2,NA,NA,"marine",NA,"not_assessed",1,0,NA,NA,NA,0,0,"neither",NA,"",NA,NA,"unknown","gregarious","ONJ","","436, , NA, NA, NA, NA","""Solenocera acuminata""           "
"Solenocera_choprai","solenoceridae","Shrimp",2.5,NA,NA,"marine",NA,"not_assessed",6,1,NA,NA,NA,0,0,"neither",114,"TL",NA,NA,"unknown","gregarious","SKK","Ridgeback shrimp","437, , 729, 726, NA, NA","""Solenocera choprai""           "
"Solenocera_melantho","solenoceridae","Shrimp",3,NA,NA,"marine",NA,"not_assessed",18,0,60,100,NA,0,0,"neither",NA,"",NA,NA,"unknown","gregarious","SQH","Razor mud shrimp","438, 727, NA, NA, NA, NA","""Solenocera melantho"" OR ""Solenocera prominentis""          "
"Thenus_indicus","scyllaridae","Lobster/Crayfish",4,NA,NA,"marine",NA,"data_deficient",0,0,10,30,NA,0,0,"neither",84,"",NA,NA,"gregarious","gregarious","TZI","","369, , NA, NA, NA, 659","""Thenus indicus""           "
"Thenus_orientalis","scyllaridae","Lobster/Crayfish",8,NA,NA,"marine",NA,"least_concern",56,0,8,100,NA,1,1,"both",NA,"",NA,NA,"gregarious","gregarious","THQ","Flathead lobster","369, , NA, NA, NA, 659","""Thenus orientalis"" OR ""Sagaritis orientalis"" OR "" Scyllarus orientalis"" OR "" Scyllibacus orientalis""        "
"Trachysalambria_curvirostris","penaeidae","Shrimp",1.5,NA,NA,"marine",NA,"not_assessed",36,1,NA,NA,NA,0,1,"capture",NA,"",NA,NA,"unknown","gregarious","TRV","Southern rough shrimp","440, , NA, NA, NA, NA","""Trachysalambria curvirostris"" OR ""Metapenaeus palaestinensis"" OR "" Penaeus curvirostris"" OR "" Trachypenaeus curvirostris""        "
"Ucides_cordatus","ocypodidae","Brachyuran crab",17.6,NA,NA,"marine",NA,"not_assessed",214,23,NA,NA,NA,0,0,"neither",NA,"",NA,NA,"solitary","solitary","UCC","Swamp ghost crab","301, 309, , NA, NA, NA, 683","""Ucides cordatus"" OR ""Cancer cordatus"" OR "" Cancer uca"" OR "" Ocypode fossor "" OR "" Uca pilosipes""       "
"Ucides_occidentalis","ocypodidae","Brachyuran crab",5.2,NA,NA,"marine",NA,"not_assessed",8,1,NA,NA,NA,0,1,"capture",NA,"",NA,NA,"solitary","solitary","UCD","Mangrove ghost crab","370, , NA, NA, NA, 684","""Ucides occidentalis"" OR ""Oedipleura occidentalis""          "
"Upogebia_pusilla","upogebiidae","Lobster/Crayfish",4,NA,NA,"euryhaline",NA,"not_assessed",38,5,0,1,NA,0,0,"neither",NA,"",NA,NA,"solitary","solitary","UPJ","Mediterranean mud shrimp","371, 728, NA, NA, NA, 728","""Upogebia pusilla"" OR ""Astacus pusillus"" OR "" Gebia lacustris"" OR "" Gebia litoralis"" OR "" Gebia littoralis"" OR "" Gebia venetiarum"" OR "" Gebios littoralis"" OR "" Thalassina littoralis"" OR "" Upogebia litoralis"" OR "" Upogebia littoralis"" OR "" Upogebia pusilla"" "
"Xantho_poressa","xanthidae","Brachyuran crab",2,NA,NA,"marine",NA,"not_assessed",8,1,0,15,NA,0,0,"neither",NA,"",NA,NA,"repro_aggregate","repro_aggregate","JLA","","301, 372, 729, 729, NA, NA, 729","""Xantho poressa"" OR ""Alpheus tinctor"" OR "" Cancer levifrons"" OR "" Cancer poressa"" OR "" Cancer tinctor"" OR "" Xantho rivulosa"" OR "" Xantho rivulosus""     "
"Xiphopenaeus_kroyeri","penaeidae","Shrimp",2.12,NA,NA,"euryhaline",NA,"not_assessed",105,2,NA,NA,NA,0,1,"capture",NA,"",NA,NA,"unknown","gregarious","BOB","Atlantic seabob","313, , NA, NA, NA, NA","""Xiphopenaeus kroyeri"" OR ""Penaeus kroyeri"" OR "" Xiphopenaeus hartii""         "
